product_name,category_name
"""While you Were Out"" Message Book, One Form per Page",Office Supplies
"#10 Gummed Flap White Envelopes, 100/Box",Office Supplies
#10 Self-Seal White Envelopes,Office Supplies
"#10 White Business Envelopes,4 1/8 x 9 1/2",Office Supplies
"#10- 4 1/8"" x 9 1/2"" Recycled Envelopes",Office Supplies
"#10- 4 1/8"" x 9 1/2"" Security-Tint Envelopes",Office Supplies
"#10-4 1/8"" x 9 1/2"" Premium Diagonal Seam Envelopes",Office Supplies
#6 3/4 Gummed Flap White Envelopes,Office Supplies
"1.7 Cubic Foot Compact ""Cube"" Office Refrigerators",Office Supplies
"1/4 Fold Party Design Invitations & White Envelopes, 24 8-1/2"" X 11"" Cards, 25 Env./Pack",Office Supplies
12 Colored Short Pencils,Office Supplies
12-1/2 Diameter Round Wall Clock,Furniture
14-7/8 x 11 Blue Bar Computer Printout Paper,Office Supplies
2300 Heavy-Duty Transfer File Systems by Perma,Office Supplies
"24 Capacity Maxi Data Binder Racks, Pearl",Office Supplies
24-Hour Round Wall Clock,Furniture
3-ring staple pack,Office Supplies
3.6 Cubic Foot Counter Height Office Refrigerator,Office Supplies
36X48 HARDFLOOR CHAIRMAT,Furniture
3M Hangers With Command Adhesive,Furniture
3M Office Air Cleaner,Office Supplies
3M Organizer Strips,Office Supplies
3M Polarizing Light Filter Sleeves,Furniture
"3M Polarizing Task Lamp with Clamp Arm, Light Gray",Furniture
3M Replacement Filter for Office Air Cleaner for 20' x 33' Room,Office Supplies
4009 Highlighters,Office Supplies
4009 Highlighters by Sanford,Office Supplies
50 Colored Long Pencils,Office Supplies
"6"" Cubicle Wall Clock, Black",Furniture
9-3/4 Diameter Round Wall Clock,Furniture
"ACCOHIDE 3-Ring Binder, Blue, 1""",Office Supplies
ACCOHIDE Binder by Acco,Office Supplies
APC 7 Outlet Network SurgeArrest Surge Protector,Office Supplies
ARKON Windshield Dashboard Air Vent Car Mount Holder,Technology
AT&T 1070 Corded Phone,Technology
AT&T 1080 Corded phone,Technology
AT&T 1080 Phone,Technology
AT&T 17929 Lendline Telephone,Technology
AT&T 841000 Phone,Technology
AT&T CL2909,Technology
AT&T CL82213,Technology
AT&T CL83451 4-Handset Telephone,Technology
AT&T EL51110 DECT,Technology
AT&T SB67148 SynJ,Technology
AT&T TR1909W,Technology
Aastra 57i VoIP phone,Technology
Aastra 6757i CT Wireless VoIP phone,Technology
Acco 3-Hole Punch,Office Supplies
Acco 6 Outlet Guardian Basic Surge Suppressor,Office Supplies
Acco 6 Outlet Guardian Premium Plus Surge Suppressor,Office Supplies
Acco 6 Outlet Guardian Premium Surge Suppressor,Office Supplies
Acco 6 Outlet Guardian Standard Surge Suppressor,Office Supplies
"Acco 7-Outlet Masterpiece Power Center, Wihtout Fax/Phone Line Protection",Office Supplies
"Acco Banker's Clasps, 5 3/4""-Long",Office Supplies
"Acco Clips to Go Binder Clips, 24 Clips in Two Sizes",Office Supplies
Acco D-Ring Binder w/DublLock,Office Supplies
"Acco Data Flex Cable Posts For Top & Bottom Load Binders, 6"" Capacity",Office Supplies
Acco Economy Flexible Poly Round Ring Binder,Office Supplies
Acco Expandable Hanging Binders,Office Supplies
"Acco Flexible ACCOHIDE Square Ring Data Binder, Dark Blue, 11 1/2"" X 14"" 7/8""",Office Supplies
"Acco Four Pocket Poly Ring Binder with Label Holder, Smoke, 1""",Office Supplies
Acco Glide Clips,Office Supplies
Acco Hanging Data Binders,Office Supplies
Acco Hot Clips Clips to Go,Office Supplies
"Acco PRESSTEX Data Binder with Storage Hooks, Dark Blue, 14 7/8"" X 11""",Office Supplies
"Acco PRESSTEX Data Binder with Storage Hooks, Dark Blue, 9 1/2"" X 11""",Office Supplies
"Acco PRESSTEX Data Binder with Storage Hooks, Light Blue, 9 1/2"" X 11""",Office Supplies
Acco Perma 2700 Stacking Storage Drawers,Office Supplies
Acco Perma 3000 Stacking Storage Drawers,Office Supplies
Acco Perma 4000 Stacking Storage Drawers,Office Supplies
"Acco Pressboard Covers with Storage Hooks, 14 7/8"" x 11"", Dark Blue",Office Supplies
"Acco Pressboard Covers with Storage Hooks, 14 7/8"" x 11"", Executive Red",Office Supplies
"Acco Pressboard Covers with Storage Hooks, 14 7/8"" x 11"", Light Blue",Office Supplies
"Acco Pressboard Covers with Storage Hooks, 9 1/2"" x 11"", Executive Red",Office Supplies
"Acco Recycled 2"" Capacity Laser Printer Hanging Data Binders",Office Supplies
Acco Side-Punched Conventional Columnar Pads,Office Supplies
"Acco Six-Outlet Power Strip, 4' Cord Length",Office Supplies
Acco Smartsocket Color-Coded Six-Outlet AC Adapter Model Surge Protectors,Office Supplies
"Acco Smartsocket Table Surge Protector, 6 Color-Coded Adapter Outlets",Office Supplies
Acco Suede Grain Vinyl Round Ring Binder,Office Supplies
Acco Translucent Poly Ring Binders,Office Supplies
Accohide Poly Flexible Ring Binders,Office Supplies
"Acme 10"" Easy Grip Assistive Scissors",Office Supplies
Acme Box Cutter Scissors,Office Supplies
"Acme Design Line 8"" Stainless Steel Bent Scissors w/Champagne Handles, 3-1/8"" Cut",Office Supplies
Acme Design Stainless Steel Bent Scissors,Office Supplies
Acme Elite Stainless Steel Scissors,Office Supplies
Acme Forged Steel Scissors with Black Enamel Handles,Office Supplies
Acme Galleria Hot Forged Steel Scissors with Colored Handles,Office Supplies
"Acme Hot Forged Carbon Steel Scissors with Nickel-Plated Handles, 3 7/8"" Cut, 8""L",Office Supplies
Acme Kleen Earth Office Shears,Office Supplies
Acme Kleencut Forged Steel Scissors,Office Supplies
Acme Office Executive Series Stainless Steel Trimmers,Office Supplies
Acme Preferred Stainless Steel Scissors,Office Supplies
Acme Rosewood Handle Letter Opener,Office Supplies
Acme Serrated Blade Letter Opener,Office Supplies
Acme Softgrip Scissors,Office Supplies
Acme Stainless Steel Office Snips,Office Supplies
Acme Tagit Stainless Steel Antibacterial Scissors,Office Supplies
Acme Titanium Bonded Scissors,Office Supplies
Acme Value Line Scissors,Office Supplies
Acrylic Self-Standing Desk Frames,Furniture
"Adams ""While You Were Out"" Message Pads",Office Supplies
"Adams Phone Message Book, 200 Message Capacity, 8 1/16ï¿½ï¿½ï¿½ x",Office Supplies
"Adams Phone Message Book, Professional, 400 Message Capacity, 5 3/6ï¿½ï¿½ï¿½ x",Office Supplies
"Adams Telephone Message Book W/Dividers/Space For Phone Numbers, 5 1/4""X8 1/2"", 200/Messages",Office Supplies
"Adams Telephone Message Book W/Dividers/Space For Phone Numbers, 5 1/4""X8 1/2"", 300/Messages",Office Supplies
"Adams Telephone Message Book w/Frequently-Called Numbers Space, 400 Messages per Book",Office Supplies
"Adams Telephone Message Books, 5 1/4ï¿½ï¿½ï¿½ x",Office Supplies
"Adams Write n' Stick Phone Message Book, 11"" X 5 1/4"", 200 Messages",Office Supplies
Adjustable Depth Letter/Legal Cart,Office Supplies
Adjustable Personal File Tote,Office Supplies
Adtran 1202752G1,Technology
"Advantus 10-Drawer Portable Organizer, Chrome Metal Frame, Smoke Drawers",Office Supplies
"Advantus Employee of the Month Certificate Frame, 11 x 13-1/2",Furniture
Advantus Map Pennant Flags and Round Head Tacks,Office Supplies
Advantus Motivational Note Cards,Office Supplies
Advantus Panel Wall Acrylic Frame,Furniture
Advantus Panel Wall Certificate Holder - 8.5x11,Furniture
Advantus Plastic Paper Clips,Office Supplies
Advantus Push Pins,Office Supplies
"Advantus Push Pins, Aluminum Head",Office Supplies
Advantus Rolling Drawer Organizers,Office Supplies
Advantus Rolling Storage Box,Office Supplies
Advantus SlideClip Paper Clips,Office Supplies
Advantus T-Pin Paper Clips,Office Supplies
Airmail Envelopes,Office Supplies
Akro Stacking Bins,Office Supplies
Akro-Mils 12-Gallon Tote,Office Supplies
"Alliance Big Bands Rubber Bands, 12/Pack",Office Supplies
Alliance Rubber Bands,Office Supplies
"Alliance Super-Size Bands, Assorted Sizes",Office Supplies
Alphabetical Labels for Top Tab Filing,Office Supplies
Aluminum Document Frame,Furniture
Aluminum Screw Posts,Office Supplies
AmazonBasics 3-Button USB Wired Mouse,Technology
American Pencil,Office Supplies
Ames Color-File Green Diamond Border X-ray Mailers,Office Supplies
Ampad #10 Peel & Seel Holiday Envelopes,Office Supplies
"Ampad Evidence Wirebond Steno Books, 6"" x 9""",Office Supplies
"Ampad Gold Fibre Wirebound Steno Books, 6"" x 9"", Gregg Ruled",Office Supplies
"Ampad Phone Message Book, Recycled, 400 Message Capacity, 5 ï¿½ï¿½ï¿½ï¿½ï",Office Supplies
"Ampad Poly Cover Wirebound Steno Book, 6"" x 9"" Assorted Colors, Gregg Ruled",Office Supplies
Anderson Hickey Conga Table Tops & Accessories,Furniture
"Angle-D Binders with Locking Rings, Label Holders",Office Supplies
Angle-D Ring Binders,Office Supplies
Anker 24W Portable Micro USB Car Charger,Technology
Anker 36W 4-Port USB Wall Charger Travel Power Adapter for iPhone 5s 5c 5,Technology
Anker Astro 15000mAh USB Portable Charger,Technology
Anker Astro Mini 3000mAh Ultra-Compact Portable Charger,Technology
Anker Ultra-Slim Mini Bluetooth 3.0 Wireless Keyboard,Technology
Anker Ultrathin Bluetooth Wireless Keyboard Aluminum Cover with Stand,Technology
Apple EarPods with Remote and Mic,Technology
Apple iPhone 5C,Technology
Array Memo Cubes,Office Supplies
"Array Parchment Paper, Assorted Colors",Office Supplies
Artistic Insta-Plaque,Furniture
Assorted Color Push Pins,Office Supplies
Astroparche Fine Business Paper,Office Supplies
"Ativa D5772 2-Line 5.8GHz Digital Expandable Corded/Cordless Phone System with Answering & Caller ID/Call Waiting, Black/Silver",Technology
Ativa MDM8000 8-Sheet Micro-Cut Shredder,Technology
"Atlantic Metals Mobile 2-Shelf Bookcases, Custom Colors",Furniture
"Atlantic Metals Mobile 4-Shelf Bookcases, Custom Colors",Furniture
"Atlantic Metals Mobile 5-Shelf Bookcases, Custom Colors",Furniture
Avanti 1.7 Cu. Ft. Refrigerator,Office Supplies
Avanti 4.4 Cu. Ft. Refrigerator,Office Supplies
Avaya 4621SW VoIP phone,Technology
Avaya 5410 Digital phone,Technology
Avaya 5420 Digital phone,Technology
"Avery 05222 Permanent Self-Adhesive File Folder Labels for Typewriters, on Rolls, White, 250/Roll",Office Supplies
"Avery 3 1/2"" Diskette Storage Pages, 10/Pack",Office Supplies
"Avery 4027 File Folder Labels for Dot Matrix Printers, 5000 Labels per Box, White",Office Supplies
Avery 473,Office Supplies
Avery 474,Office Supplies
Avery 475,Office Supplies
Avery 476,Office Supplies
Avery 477,Office Supplies
Avery 478,Office Supplies
Avery 479,Office Supplies
Avery 48,Office Supplies
Avery 480,Office Supplies
Avery 481,Office Supplies
Avery 482,Office Supplies
Avery 483,Office Supplies
Avery 484,Office Supplies
Avery 485,Office Supplies
Avery 486,Office Supplies
Avery 487,Office Supplies
Avery 488,Office Supplies
Avery 489,Office Supplies
Avery 49,Office Supplies
Avery 490,Office Supplies
Avery 491,Office Supplies
Avery 492,Office Supplies
Avery 493,Office Supplies
Avery 494,Office Supplies
Avery 495,Office Supplies
Avery 496,Office Supplies
Avery 497,Office Supplies
Avery 498,Office Supplies
Avery 499,Office Supplies
Avery 5,Office Supplies
Avery 50,Office Supplies
Avery 500,Office Supplies
Avery 501,Office Supplies
Avery 502,Office Supplies
Avery 503,Office Supplies
Avery 505,Office Supplies
Avery 506,Office Supplies
Avery 507,Office Supplies
Avery 508,Office Supplies
Avery 509,Office Supplies
Avery 51,Office Supplies
Avery 510,Office Supplies
Avery 511,Office Supplies
Avery 512,Office Supplies
Avery 513,Office Supplies
Avery 514,Office Supplies
Avery 515,Office Supplies
Avery 516,Office Supplies
Avery 517,Office Supplies
Avery 518,Office Supplies
Avery 519,Office Supplies
Avery 52,Office Supplies
Avery 520,Office Supplies
"Avery Address/Shipping Labels for Typewriters, 4"" x 2""",Office Supplies
Avery Arch Ring Binders,Office Supplies
Avery Binder Labels,Office Supplies
Avery Binding System Hidden Tab Executive Style Index Sets,Office Supplies
Avery Durable Binders,Office Supplies
"Avery Durable Plastic 1"" Binders",Office Supplies
Avery Durable Poly Binders,Office Supplies
Avery Durable Slant Ring Binders,Office Supplies
Avery Durable Slant Ring Binders With Label Holder,Office Supplies
"Avery Durable Slant Ring Binders, No Labels",Office Supplies
Avery File Folder Labels,Office Supplies
"Avery Flip-Chart Easel Binder, Black",Office Supplies
Avery Fluorescent Highlighter Four-Color Set,Office Supplies
"Avery Framed View Binder, EZD Ring (Locking), Navy, 1 1/2""",Office Supplies
Avery Hanging File Binders,Office Supplies
Avery Heavy-Duty EZD  Binder With Locking Rings,Office Supplies
Avery Heavy-Duty EZD View Binder with Locking Rings,Office Supplies
"Avery Hi-Liter Comfort Grip Fluorescent Highlighter, Yellow Ink",Office Supplies
"Avery Hi-Liter EverBold Pen Style Fluorescent Highlighters, 4/Pack",Office Supplies
Avery Hi-Liter Fluorescent Desk Style Markers,Office Supplies
"Avery Hi-Liter GlideStik Fluorescent Highlighter, Yellow Ink",Office Supplies
Avery Hi-Liter Pen Style Six-Color Fluorescent Set,Office Supplies
Avery Hi-Liter Smear-Safe Highlighters,Office Supplies
Avery Hidden Tab Dividers for Binding Systems,Office Supplies
Avery Hole Reinforcements,Office Supplies
Avery Legal 4-Ring Binder,Office Supplies
Avery Metallic Poly Binders,Office Supplies
Avery Non-Stick Binders,Office Supplies
Avery Non-Stick Heavy Duty View Round Locking Ring Binders,Office Supplies
Avery Personal Creations Heavyweight Cards,Office Supplies
Avery Poly Binder Pockets,Office Supplies
Avery Premier Heavy-Duty Binder with Round Locking Rings,Office Supplies
Avery Printable Repositionable Plastic Tabs,Office Supplies
Avery Recycled Flexi-View Covers for Binding Systems,Office Supplies
Avery Reinforcements for Hole-Punch Pages,Office Supplies
Avery Round Ring Poly Binders,Office Supplies
Avery Self-Adhesive Photo Pockets for Polaroid Photos,Office Supplies
"Avery Trapezoid Extra Heavy Duty 4"" Binders",Office Supplies
"Avery Trapezoid Ring Binder, 3"" Capacity, Black, 1040 sheets",Office Supplies
"Avery Triangle Shaped Sheet Lifters, Black, 2/Pack",Office Supplies
Avery White Multi-Purpose Labels,Office Supplies
Avoid Verbal Orders Carbonless Minifold Book,Office Supplies
BIC Brite Liner Grip Highlighters,Office Supplies
"BIC Brite Liner Grip Highlighters, Assorted, 5/Pack",Office Supplies
BIC Brite Liner Highlighters,Office Supplies
"BIC Brite Liner Highlighters, Chisel Tip",Office Supplies
BIC Liqua Brite Liner,Office Supplies
"BOSTON Model 1800 Electric Pencil Sharpeners, Putty/Woodgrain",Office Supplies
"BOSTON Ranger #55 Pencil Sharpener, Black",Office Supplies
BPI Conference Tables,Furniture
Bagged Rubber Bands,Office Supplies
Balt Solid Wood Rectangular Table,Furniture
Balt Split Level Computer Training Table,Furniture
Barrel Sharpener,Office Supplies
"Barricks 18"" x 48"" Non-Folding Utility Table with Bottom Storage Shelf",Furniture
"Barricks Non-Folding Utility Table with Steel Legs, Laminate Tops",Furniture
"Belkin 19"" Center-Weighted Shelf, Gray",Office Supplies
"Belkin 19"" Vented Equipment Shelf, Black",Office Supplies
"Belkin 325VA UPS Surge Protector, 6'",Office Supplies
Belkin 5 Outlet SurgeMaster Power Centers,Office Supplies
Belkin 6 Outlet Metallic Surge Strip,Office Supplies
Belkin 7 Outlet SurgeMaster II,Office Supplies
Belkin 7 Outlet SurgeMaster Surge Protector with Phone Protection,Office Supplies
Belkin 7-Outlet SurgeMaster Home Series,Office Supplies
Belkin 8 Outlet Surge Protector,Office Supplies
Belkin 8 Outlet SurgeMaster II Gold Surge Protector,Office Supplies
Belkin 8-Outlet Premiere SurgeMaster II Surge Protectors,Office Supplies
Belkin F5C206VTEL 6 Outlet Surge,Office Supplies
Belkin F8E887 USB Wired Ergonomic Keyboard,Technology
Belkin F9G930V10-GRY 9 Outlet Surge,Office Supplies
Belkin F9H710-06 7 Outlet SurgeMaster Surge Protector,Office Supplies
Belkin F9M820V08 8 Outlet Surge,Office Supplies
Belkin F9S820V06 8 Outlet Surge,Office Supplies
Belkin Grip Candy Sheer Case / Cover for iPhone 5 and 5S,Technology
Belkin OmniView SE Rackmount Kit,Office Supplies
Belkin Premiere Surge Master II 8-outlet surge protector,Office Supplies
Belkin QODE FastFit Bluetooth Keyboard,Technology
"Belkin SportFit Armband For iPhone 5s/5c, Fuchsia",Technology
Belkin Standard 104 key USB Keyboard,Technology
Belkin iPhone and iPad Lightning Cable,Technology
Berol Giant Pencil Sharpener,Office Supplies
Bestar Classic Bookcase,Furniture
Bevis 36 x 72 Conference Tables,Furniture
Bevis 44 x 96 Conference Tables,Furniture
Bevis Boat-Shaped Conference Table,Furniture
"Bevis Oval Conference Table, Walnut",Furniture
Bevis Rectangular Conference Tables,Furniture
"Bevis Round Bullnose 29"" High Table Top",Furniture
Bevis Round Conference Room Tables and Bases,Furniture
Bevis Round Conference Table Top & Single Column Base,Furniture
"Bevis Round Conference Table Top, X-Base",Furniture
Bevis Steel Folding Chairs,Furniture
"Bevis Traditional Conference Table Top, Plinth Base",Furniture
Binder Clips by OIC,Office Supplies
Binder Posts,Office Supplies
Binding Machine Supplies,Office Supplies
"Binney & Smith Crayola Metallic Colored Pencils, 8-Color Set",Office Supplies
"Binney & Smith Crayola Metallic Crayons, 16-Color Pack",Office Supplies
"Binney & Smith inkTank Desk Highlighter, Chisel Tip, Yellow, 12/Box",Office Supplies
"Binney & Smith inkTank Erasable Desk Highlighter, Chisel Tip, Yellow, 12/Box",Office Supplies
"Binney & Smith inkTank Erasable Pocket Highlighter, Chisel Tip, Yellow",Office Supplies
Bionaire 99.97% HEPA Air Cleaner,Office Supplies
Bionaire Personal Warm Mist Humidifier/Vaporizer,Office Supplies
Black & Decker Filter for Double Action Dustbuster Cordless Vac BLDV7210,Office Supplies
"Black Avery Memo-Size 3-Ring Binder, 5 1/2"" x 8 1/2""",Office Supplies
"Black Print Carbonless 8 1/2"" x 8 1/4"" Rapid Memo Book",Office Supplies
"Black Print Carbonless Snap-Off Rapid Letter, 8 1/2"" x 7""",Office Supplies
BlackBerry Q10,Technology
Blackstonian Pencils,Office Supplies
Blue Parrot B250XT Professional Grade Wireless Bluetoothï¿½ï¿½Headsetï¿,Technology
"Blue String-Tie & Button Interoffice Envelopes, 10 x 13",Office Supplies
"BlueLounge Milo Smartphone Stand, White/Metallic",Technology
Bose SoundLink Bluetooth Speaker,Technology
Boston 1645 Deluxe Heavier-Duty Electric Pencil Sharpener,Office Supplies
Boston 16701 Slimline Battery Pencil Sharpener,Office Supplies
Boston 16750 Black Compact Battery Pencil Sharpener,Office Supplies
Boston 16765 Mini Stand Up Battery Pencil Sharpener,Office Supplies
Boston 16801 Nautilus Battery Pencil Sharpener,Office Supplies
Boston 1730 StandUp Electric Pencil Sharpener,Office Supplies
Boston 1799 Powerhouse Electric Pencil Sharpener,Office Supplies
"Boston 1827 Commercial Additional Cutter, Drive Gear & Gear Rack for 1606",Office Supplies
Boston 1900 Electric Pencil Sharpener,Office Supplies
Boston 19500 Mighty Mite Electric Pencil Sharpener,Office Supplies
"Boston Electric Pencil Sharpener, Model 1818, Charcoal Black",Office Supplies
Boston Heavy-Duty Trimline Electric Pencil Sharpeners,Office Supplies
Boston Home & Office Model 2000 Electric Pencil Sharpeners,Office Supplies
Boston KS Multi-Size Manual Pencil Sharpener,Office Supplies
"Boston Model 1800 Electric Pencil Sharpener, Gray",Office Supplies
"Boston School Pro Electric Pencil Sharpener, 1670",Office Supplies
BoxOffice By Design Rectangular and Half-Moon Meeting Room Tables,Furniture
"Bravo II Megaboss 12-Amp Hard Body Upright, Replacement Belts, 2 Belts per Pack",Office Supplies
Bretford CR4500 Series Slim Rectangular Table,Furniture
Bretford Rectangular Conference Table Tops,Furniture
"Brites Rubber Bands, 1 1/2 oz. Box",Office Supplies
"Brother MFC-9340CDW LED All-In-One Printer, Copier Scanner",Technology
Brown Kraft Recycled Envelopes,Office Supplies
Bulldog Table or Wall-Mount Pencil Sharpener,Office Supplies
Bulldog Vacuum Base Pencil Sharpener,Office Supplies
Bush Advantage Collection Racetrack Conference Table,Furniture
Bush Advantage Collection Round Conference Table,Furniture
"Bush Andora Bookcase, Maple/Graphite Gray Finish",Furniture
"Bush Andora Conference Table, Maple/Graphite Gray Finish",Furniture
"Bush Cubix Collection Bookcases, Fully Assembled",Furniture
"Bush Cubix Conference Tables, Fully Assembled",Furniture
"Bush Heritage Pine Collection 5-Shelf Bookcase, Albany Pine Finish, *Special Order",Furniture
Bush Mission Pointe Library,Furniture
"Bush Saratoga Collection 5-Shelf Bookcase, Hanover Cherry, *Special Order",Furniture
Bush Somerset Collection Bookcase,Furniture
"Bush Westfield Collection Bookcases, Dark Cherry Finish",Furniture
"Bush Westfield Collection Bookcases, Dark Cherry Finish, Fully Assembled",Furniture
"Bush Westfield Collection Bookcases, Fully Assembled",Furniture
"Bush Westfield Collection Bookcases, Medium Cherry Finish",Furniture
C-Line Cubicle Keepers Polyproplyene Holder With Velcro Backings,Furniture
"C-Line Cubicle Keepers Polyproplyene Holder w/Velcro Back, 8-1/2x11, 25/Bx",Furniture
"C-Line Magnetic Cubicle Keepers, Clear Polypropylene",Furniture
"C-Line Peel & Stick Add-On Filing Pockets, 8-3/4 x 5-1/8, 10/Pack",Office Supplies
Cameo Buff Policy Envelopes,Office Supplies
Canon PC-428 Personal Copier,Technology
Canon PC170 Desktop Personal Copier,Technology
Canvas Sectional Post Binders,Office Supplies
Cardinal EasyOpen D-Ring Binders,Office Supplies
"Cardinal HOLDit! Binder Insert Strips,Extra Strips",Office Supplies
Cardinal Hold-It CD Pocket,Office Supplies
Cardinal Holdit Business Card Pockets,Office Supplies
Cardinal Holdit Data Disk Pockets,Office Supplies
Cardinal Poly Pocket Divider Pockets for Ring Binders,Office Supplies
"Cardinal Slant-D Ring Binder, Heavy Gauge Vinyl",Office Supplies
Cardinal Slant-D Ring Binders,Office Supplies
"Career Cubicle Clock, 8 1/4"", Black",Furniture
"Carina 42""Hx23 3/4""W Media Storage Unit",Office Supplies
Carina Double Wide Media Storage Towers in Natural & Black,Office Supplies
Carina Media Storage Towers in Natural & Black,Office Supplies
"Carina Mini System Audio Rack, Model AR050B",Office Supplies
Case Logic 2.4GHz Wireless Keyboard,Technology
Catalog Binders with Expanding Posts,Office Supplies
"Chromcraft 48"" x 96"" Racetrack Double Pedestal Table",Furniture
"Chromcraft Bull-Nose Wood 48"" x 96"" Rectangular Conference Tables",Furniture
"Chromcraft Bull-Nose Wood Round Conference Table Top, Wood Base",Furniture
Chromcraft Rectangular Conference Tables,Furniture
Chromcraft Round Conference Tables,Furniture
Cisco 8961 IP Phone Charcoal,Technology
Cisco 8x8 Inc. 6753i IP Business Phone System,Technology
Cisco Desktop Collaboration Experience DX650 IP Video Phone,Technology
Cisco IP Phone 7961G-GE VoIP phone,Technology
Cisco IPï¿½ï¿½Phoneï¿½ï¿½7961G VoIPï¿½ï¿½phoneï,Technology
Cisco SPA 501G IP Phone,Technology
Cisco SPA 502G IP Phone,Technology
Cisco SPA112 2 Port Phone Adapter,Technology
Cisco SPA301,Technology
Cisco SPA508G,Technology
Cisco SPA525G2 IP Phone - Wireless,Technology
Cisco Small Business SPA 502G VoIP phone,Technology
Clarity 53712,Technology
Classic Ivory Antiqueï¿½ï¿½Telephoneï¿½ï,Technology
Clear Mylar Reinforcing Strips,Office Supplies
ClearOne Communications CHAT 70 OCï¿½ï¿½Speaker P,Technology
ClearSounds CSC500 Amplified Spirit Phone Corded phone,Technology
Clearsounds A400,Technology
Col-Erase Pencils with Erasers,Office Supplies
Color-Coded Legal Exhibit Labels,Office Supplies
Colored Envelopes,Office Supplies
Colored Push Pins,Office Supplies
Coloredge Poster Frame,Furniture
Colorific Watercolor Pencils,Office Supplies
"Commercial WindTunnel Clean Air Upright Vacuum, Replacement Belts, Filtration Bags",Office Supplies
Compact Automatic Electric Letter Opener,Office Supplies
"Companion Letter/Legal File, Black",Office Supplies
Computer Printout Index Tabs,Office Supplies
Computer Printout Paper with Letter-Trim Fine Perforations,Office Supplies
Computer Printout Paper with Letter-Trim Perforations,Office Supplies
"Computer Room Manger, 14""",Furniture
"Conquest 14 Commercial Heavy-Duty Upright Vacuum, Collection System, Accessory Kit",Office Supplies
Contemporary Borderless Frame,Furniture
Contemporary Wood/Metal Frame,Furniture
"Contico 72""H Heavy-Duty Storage System",Office Supplies
"Contract Clock, 14"", Brown",Furniture
Convenience Packs of Business Envelopes,Office Supplies
Crate-A-Files,Office Supplies
"Crayola Anti Dust Chalk, 12/Pack",Office Supplies
Crayola Colored Pencils,Office Supplies
Cush Cases Heavy Duty Rugged Cover Case for Samsung Galaxy S5 - Purple,Technology
Cyber Acoustics AC-202b Speech Recognition Stereo Headset,Technology
DAX Black Cherry Wood-Tone Poster Frame,Furniture
"DAX Charcoal/Nickel-Tone Document Frame, 5 x 7",Furniture
DAX Clear Channel Poster Frame,Furniture
"DAX Contemporary Wood Frame with Silver Metal Mat, Desktop, 11 x 14 Size",Furniture
"DAX Copper Panel Document Frame, 5 x 7 Size",Furniture
DAX Cubicle Frames - 8x10,Furniture
"DAX Cubicle Frames, 8-1/2 x 11",Furniture
"DAX Executive Solid Wood Document Frame, Desktop or Hang, Mahogany, 5 x 7",Furniture
"DAX Metal Frame, Desktop, Stepped-Edge",Furniture
DAX Natural Wood-Tone Poster Frame,Furniture
DAX Solid Wood Frames,Furniture
"DAX Two-Tone Rosewood/Black Document Frame, Desktop, 5 x 7",Furniture
DAX Two-Tone Silver Metal Document Frame,Furniture
"DAX Value U-Channel Document Frames, Easel Back",Furniture
DAX Wood Document Frame,Furniture
DAX Wood Document Frame.,Furniture
DIXON Oriole Pencils,Office Supplies
DIXON Ticonderoga Erasable Checking Pencils,Office Supplies
DMI Arturo Collection Mission-style Design Wood Chair,Furniture
DMI Eclipse Executive Suite Bookcases,Furniture
DXL Angle-View Binders with Locking Rings by Samsill,Office Supplies
"DXL Angle-View Binders with Locking Rings, Black",Office Supplies
DYMO CardScan Personal V9 Business Card Scanner,Technology
"Dana Fluorescent Magnifying Lamp, White, 36""",Furniture
Dana Halogen Swing-Arm Architect Lamp,Furniture
Dana Swing-Arm Lamps,Furniture
"DataProducts Ampli Magnifier Task Lamp, Black,",Furniture
Dax Clear Box Frame,Furniture
Decoflex Hanging Personal Folder File,Office Supplies
"Decoflex Hanging Personal Folder File, Blue",Office Supplies
Deflect-O Glasstique Clear Desk Accessories,Furniture
Deflect-o DuraMat Antistatic Studded Beveled Mat for Medium Pile Carpeting,Furniture
"Deflect-o DuraMat Lighweight, Studded, Beveled Mat for Low Pile Carpeting",Furniture
"Deflect-o EconoMat Nonstudded, No Bevel Mat",Furniture
"Deflect-o EconoMat Studded, No Bevel Mat for Low Pile Carpeting",Furniture
Deflect-o Glass Clear Studded Chair Mats,Furniture
"Deflect-o RollaMat Studded, Beveled Mat for Medium Pile Carpeting",Furniture
"Deflect-o SuperTray Unbreakable Stackable Tray, Letter, Black",Furniture
Dell Slim USB Multimedia Keyboard,Technology
Deluxe Chalkboard Eraser Cleaner,Office Supplies
Deluxe Heavy-Duty Vinyl Round Ring Binder,Office Supplies
Deluxe Rollaway Locking File with Drawer,Office Supplies
Design Ebony Sketching Pencil,Office Supplies
Desktop 3-Pocket Hot File,Office Supplies
Dexim XPower Skin Super-Thin Power Case for iPhone 5 - Black,Technology
Digium D40 VoIP phone,Technology
Disposable Triple-Filter Dust Bags,Office Supplies
"Dixon My First Ticonderoga Pencil, #2",Office Supplies
"Dixon Prang Watercolor Pencils, 10-Color Set with Brush",Office Supplies
Dixon Ticonderoga Core-Lock Colored Pencils,Office Supplies
"Dixon Ticonderoga Core-Lock Colored Pencils, 48-Color Set",Office Supplies
"Dixon Ticonderoga Erasable Colored Pencil Set, 12-Color",Office Supplies
"Dixon Ticonderoga Maple Cedar Pencil, #2",Office Supplies
Dixon Ticonderoga Pencils,Office Supplies
Document Clip Frames,Furniture
"Dot Matrix Printer Tape Reel Labels, White, 5000/Box",Office Supplies
"Dual Level, Single-Width Filing Carts",Office Supplies
Durable Pressboard Binders,Office Supplies
Easy-staple paper,Office Supplies
"Eaton Premium Continuous-Feed Paper, 25% Cotton, Letter Size, White, 1000 Shts/Box",Office Supplies
"Eberhard Faber 3 1/2"" Golf Pencils",Office Supplies
EcoTones Memo Sheets,Office Supplies
Economy #2 Pencils,Office Supplies
Economy Binders,Office Supplies
Economy Rollaway Files,Office Supplies
"Eldon ""L"" Workstation Diamond Chairmat",Furniture
Eldon 100 Class Desk Accessories,Furniture
Eldon 200 Class Desk Accessories,Furniture
"Eldon 200 Class Desk Accessories, Black",Furniture
"Eldon 200 Class Desk Accessories, Burgundy",Furniture
"Eldon 200 Class Desk Accessories, Smoke",Furniture
"Eldon 300 Class Desk Accessories, Black",Furniture
"Eldon 400 Class Desk Accessories, Black Carbon",Furniture
Eldon 500 Class Desk Accessories,Furniture
Eldon Advantage Chair Mats for Low to Medium Pile Carpets,Furniture
Eldon Advantage Foldable Chair Mats for Low Pile Carpets,Furniture
Eldon Antistatic Chair Mats for Low to Medium Pile Carpets,Furniture
"Eldon Base for stackable storage shelf, platinum",Office Supplies
Eldon Cleatmat Chair Mats for Medium Pile Carpets,Furniture
Eldon Cleatmat Plus Chair Mats for High Pile Carpets,Furniture
Eldon ClusterMat Chair Mat with Cordless Antistatic Protection,Furniture
"Eldon Delta Triangular Chair Mat, 52"" x 58"", Clear",Furniture
Eldon Econocleat Chair Mats for Low Pile Carpets,Furniture
Eldon Executive Woodline II Cherry Finish Desk Accessories,Furniture
"Eldon Executive Woodline II Desk Accessories, Mahogany",Furniture
"Eldon Expressions Desk Accessory, Wood Pencil Holder, Oak",Furniture
"Eldon Expressions Desk Accessory, Wood Photo Frame, Mahogany",Furniture
Eldon Expressions Mahogany Wood Desk Collection,Furniture
"Eldon Expressions Punched Metal & Wood Desk Accessories, Black & Cherry",Furniture
"Eldon Expressions Punched Metal & Wood Desk Accessories, Pewter & Cherry",Furniture
"Eldon Expressions Wood Desk Accessories, Oak",Furniture
"Eldon Expressions Wood and Plastic Desk Accessories, Cherry Wood",Furniture
"Eldon Expressions Wood and Plastic Desk Accessories, Oak",Furniture
Eldon File Chest Portable File,Office Supplies
Eldon Fold 'N Roll Cart System,Office Supplies
Eldon Gobal File Keepers,Office Supplies
Eldon Image Series Black Desk Accessories,Furniture
"Eldon Image Series Desk Accessories, Burgundy",Furniture
"Eldon Image Series Desk Accessories, Ebony",Furniture
"Eldon Imï¿½ï¿½ge Series Desk Accessories, C",Furniture
Eldon Mobile Mega Data Cart  Mega Stackable  Add-On Trays,Office Supplies
Eldon Pizzaz Desk Accessories,Furniture
Eldon Portable Mobile Manager,Office Supplies
Eldon ProFile File 'N Store Portable File Tub Letter/Legal Size Black,Office Supplies
Eldon Radial Chair Mat for Low to Medium Pile Carpets,Furniture
"Eldon Regeneration Recycled Desk Accessories, Black",Furniture
"Eldon Regeneration Recycled Desk Accessories, Smoke",Furniture
Eldon Shelf Savers Cubes and Bins,Office Supplies
Eldon Simplefile Box Office,Office Supplies
"Eldon Spacemaker Box, Quick-Snap Lid, Clear",Office Supplies
"Eldon Stackable Tray, Side-Load, Legal, Smoke",Furniture
Eldon Wave Desk Accessories,Furniture
Electrix 20W Halogen Replacement Bulb for Zoom-In Desk Lamp,Furniture
"Electrix Architect's Clamp-On Swing Arm Lamp, Black",Furniture
Electrix Fluorescent Magnifier Lamps & Weighted Base,Furniture
Electrix Halogen Magnifier Lamp,Furniture
"Electrix Incandescent Magnifying Lamp, Black",Furniture
"Elite 5"" Scissors",Office Supplies
Embossed Ink Jet Note Cards,Office Supplies
Enermax Acrylux Wireless Keyboard,Technology
Enermax Aurora Lite Keyboard,Technology
Enermax Briskie RF Wireless Keyboard and Mouse Combo,Technology
Epson Perfection V600 Photo Scanner,Technology
"Epson WorkForce WF-2530 All-in-One Printer, Copier Scanner",Technology
Eureka Disposable Bags for Sanitaire Vibra Groomer I Upright Vac,Office Supplies
"Eureka Hand Vacuum, Bagless",Office Supplies
"Eureka Recycled Copy Paper 8 1/2"" x 11"", Ream",Office Supplies
Eureka Sanitaire  Commercial Upright,Office Supplies
"Eureka Sanitaire  Multi-Pro Heavy-Duty Upright, Disposable Bags",Office Supplies
Eureka The Boss Cordless Rechargeable Stick Vac,Office Supplies
"Eureka The Boss Lite 10-Amp Upright Vacuum, Blue",Office Supplies
"Eureka The Boss Plus 12-Amp Hard Box Upright Vacuum, Red",Office Supplies
Euro Pro Shark Stick Mini Vacuum,Office Supplies
Euro-Pro Shark Turbo Vacuum,Office Supplies
"Executive Impressions 10"" Spectator Wall Clock",Furniture
"Executive Impressions 12"" Wall Clock",Furniture
"Executive Impressions 13"" Chairman Wall Clock",Furniture
"Executive Impressions 13"" Clairmont Wall Clock",Furniture
"Executive Impressions 13-1/2"" Indoor/Outdoor Wall Clock",Furniture
"Executive Impressions 14""",Furniture
"Executive Impressions 14"" Contract Wall Clock",Furniture
"Executive Impressions 14"" Contract Wall Clock with Quartz Movement",Furniture
"Executive Impressions 14"" Two-Color Numerals Wall Clock",Furniture
"Executive Impressions 16-1/2"" Circular Wall Clock",Furniture
"Executive Impressions 8-1/2"" Career Panel/Partition Cubicle Clock",Furniture
Executive Impressions Supervisor Wall Clock,Furniture
Faber Castell Col-Erase Pencils,Office Supplies
Fashion Color Clasp Envelopes,Office Supplies
Fellowes 8 Outlet Superior Workstation Surge Protector,Office Supplies
Fellowes 8 Outlet Superior Workstation Surge Protector w/o Phone/Fax/Modem Protection,Office Supplies
Fellowes Advanced 8 Outlet Surge Suppressor with Phone/Fax Protection,Office Supplies
Fellowes Advanced Computer Series Surge Protectors,Office Supplies
Fellowes Bankers Box Recycled Super Stor/Drawer,Office Supplies
Fellowes Bankers Box Staxonsteel Drawer File/Stacking System,Office Supplies
Fellowes Bankers Box Stor/Drawer Steel Plus,Office Supplies
Fellowes Bases and Tops For Staxonsteel/High-Stak Systems,Office Supplies
Fellowes Basic Home/Office Series Surge Protectors,Office Supplies
Fellowes Binding Cases,Office Supplies
Fellowes Black Plastic Comb Bindings,Office Supplies
Fellowes Command Center 5-outlet power strip,Office Supplies
Fellowes Desktop Hanging File Manager,Office Supplies
Fellowes Econo/Stor Drawers,Office Supplies
Fellowes High-Stak Drawer Files,Office Supplies
Fellowes Mighty 8 Compact Surge Protector,Office Supplies
"Fellowes Mobile File Cart, Black",Office Supplies
Fellowes Neat Ideas Storage Cubes,Office Supplies
Fellowes Officeware Wire Shelving,Office Supplies
Fellowes PB200 Plastic Comb Binding Machine,Office Supplies
Fellowes PB300 Plastic Comb Binding Machine,Office Supplies
"Fellowes Personal Hanging Folder Files, Navy",Office Supplies
Fellowes Powershred HS-440 4-Sheet High Security Shredder,Technology
"Fellowes Premier Superior Surge Suppressor, 10-Outlet, With Phone and Remote",Office Supplies
Fellowes Presentation Covers for Comb Binding Machines,Office Supplies
Fellowes Recycled Storage Drawers,Office Supplies
"Fellowes Smart Surge Ten-Outlet Protector, Platinum",Office Supplies
Fellowes Staxonsteel Drawer Files,Office Supplies
Fellowes Stor/Drawer Steel Plus Storage Drawers,Office Supplies
"Fellowes Strictly Business Drawer File, Letter/Legal Size",Office Supplies
Fellowes Super Stor/Drawer,Office Supplies
Fellowes Super Stor/Drawer Files,Office Supplies
Fellowes Superior 10 Outlet Split Surge Protector,Office Supplies
"Fellowes Twister Kit, Gray/Clear, 3/pkg",Office Supplies
File Shuttle I and Handi-File,Office Supplies
"File Shuttle II and Handi-File, Black",Office Supplies
First Data FD10 PIN Pad,Technology
First Data TMFD35 PIN Pad,Technology
"Fiskars 8"" Scissors, 2/Pack",Office Supplies
Fiskars Home & Office Scissors,Office Supplies
Fiskars Softgrip Scissors,Office Supplies
Fiskars Spring-Action Scissors,Office Supplies
Flat Face Poster Frame,Furniture
Flexible Leather- Look Classic Collection Ring Binder,Office Supplies
"Floodlight Indoor Halogen Bulbs, 1 Bulb per Pack, 60 Watts",Furniture
Fluorescent Highlighters by Dixon,Office Supplies
G.E. Halogen Desk Lamp Bulbs,Furniture
G.E. Longer-Life Indoor Recessed Floodlight Bulbs,Furniture
GBC Binding covers,Office Supplies
"GBC Clear Cover, 8-1/2 x 11, unpunched, 25 covers per pack",Office Supplies
GBC DocuBind 300 Electric Binding Machine,Office Supplies
GBC DocuBind P100 Manual Binding Machine,Office Supplies
GBC DocuBind P50 Personal Binding Machine,Office Supplies
GBC DocuBind TL200 Manual Binding Machine,Office Supplies
GBC Durable Plastic Covers,Office Supplies
GBC Ibimaster 500 Manual ProClick Binding System,Office Supplies
GBC Imprintable Covers,Office Supplies
GBC Instant Index System for Binding Systems,Office Supplies
GBC Instant Report Kit,Office Supplies
"GBC Laser Imprintable Binding System Covers, Desert Sand",Office Supplies
GBC Linen Binding Covers,Office Supplies
GBC Personal VeloBind Strips,Office Supplies
GBC Plastic Binding Combs,Office Supplies
GBC Plasticlear Binding Covers,Office Supplies
GBC Poly Designer Binding Covers,Office Supplies
"GBC Pre-Punched Binding Paper, Plastic, White, 8-1/2"" x 11""",Office Supplies
GBC Premium Transparent Covers with Diagonal Lined Pattern,Office Supplies
"GBC Prepunched Paper, 19-Hole, for Binding Systems, 24-lb",Office Supplies
GBC Prestige Therm-A-Bind Covers,Office Supplies
GBC ProClick 150 Presentation Binding System,Office Supplies
GBC ProClick Punch Binding System,Office Supplies
GBC ProClick Spines for 32-Hole Punch,Office Supplies
GBC Recycled Grain Textured Covers,Office Supplies
GBC Recycled Regency Composition Covers,Office Supplies
GBC Recycled VeloBinder Covers,Office Supplies
GBC Standard Plastic Binding Systems Combs,Office Supplies
GBC Standard Plastic Binding Systems' Combs,Office Supplies
"GBC Standard Recycled Report Covers, Clear Plastic Sheets",Office Supplies
GBC Standard Therm-A-Bind Covers,Office Supplies
GBC Twin Loop Wire Binding Elements,Office Supplies
"GBC Twin Loop Wire Binding Elements, 9/16"" Spine, Black",Office Supplies
GBC VeloBind Cover Sets,Office Supplies
GBC VeloBinder Electric Binding Machine,Office Supplies
GBC VeloBinder Manual Binding System,Office Supplies
GBC VeloBinder Strips,Office Supplies
"GBC Velobind Prepunched Cover Sets, Regency Series",Office Supplies
"GBC White Gloss Covers, Plain Front",Office Supplies
GBC Wire Binding Combs,Office Supplies
GBC Wire Binding Strips,Office Supplies
GE 30522EE2,Technology
GE 30524EE4,Technology
"GE 4 Foot Flourescent Tube, 40 Watt",Furniture
"GE 48"" Fluorescent Tube, Cool White Energy Saver, 34 Watts, 30/Box",Furniture
GE DSL Phone Line Filter,Technology
"GE General Purpose, Extra Long Life, Showcase & Floodlight Incandescent Bulbs",Furniture
"GE General Use Halogen Bulbs, 100 Watts, 1 Bulb per Pack",Furniture
Gear Head AU3700S Headset,Technology
Geemarc AmpliPOWER60,Technology
"Geographics Note Cards, Blank, White, 8 1/2"" x 11""",Office Supplies
Global Adaptabilities Conference Tables,Furniture
"Global Airflow Leather Mesh Back Chair, Black",Furniture
"Global Armless Task Chair, Royal Blue",Furniture
Global Chrome Stack Chair,Furniture
Global Comet Stacking Armless Chair,Furniture
Global Commerce Series High-Back Swivel/Tilt Chairs,Furniture
Global Commerce Series Low-Back Swivel/Tilt Chairs,Furniture
Global Deluxe High-Back Manager's Chair,Furniture
Global Deluxe High-Back Office Chair in Storm,Furniture
Global Deluxe Office Fabric Chairs,Furniture
"Global Deluxe Stacking Chair, Gray",Furniture
Global Deluxe Steno Chair,Furniture
Global Enterprise Series Seating High-Back Swivel/Tilt Chairs,Furniture
Global Enterprise Series Seating Low-Back Swivel/Tilt Chairs,Furniture
Global Ergonomic Managers Chair,Furniture
Global Executive Mid-Back Manager's Chair,Furniture
"Global Fabric Manager's Chair, Dark Gray",Furniture
"Global Geo Office Task Chair, Gray",Furniture
"Global High-Back Leather Tilter, Burgundy",Furniture
Global Highback Leather Tilter in Burgundy,Furniture
Global Italian Leather Office Chair,Furniture
"Global Leather & Oak Executive Chair, Burgundy",Furniture
Global Leather Executive Chair,Furniture
"Global Leather Highback Executive Chair with Pneumatic Height Adjustment, Black",Furniture
"Global Leather Task Chair, Black",Furniture
"Global Leather and Oak Executive Chair, Black",Furniture
Global Low Back Tilter Chair,Furniture
"Global Manager's Adjustable Task Chair, Storm",Furniture
"Global Push Button Manager's Chair, Indigo",Furniture
"Global Stack Chair with Arms, Black",Furniture
"Global Stack Chair without Arms, Black",Furniture
Global Super Steno Chair,Furniture
"Global Task Chair, Black",Furniture
"Global Value Mid-Back Manager's Chair, Gray",Furniture
"Global Value Steno Chair, Gray",Furniture
"Global Wood Trimmed Manager's Task Chair, Khaki",Furniture
Globe Weis Peel & Seel First Class Envelopes,Office Supplies
Google Nexus 5,Technology
"Gould Plastics 18-Pocket Panel Bin, 34w x 5-1/4d x 20-1/2h",Office Supplies
"Gould Plastics 9-Pocket Panel Bin, 18-3/8w x 5-1/4d x 20-1/2h, Black",Office Supplies
Grandstream GXP1160 VoIP phone,Technology
Grandstream GXP2100 Mainstream Business Phone,Technology
Great White Multi-Use Recycled Paper (20Lb. and 84 Bright),Office Supplies
Green Bar Computer Printout Paper,Office Supplies
"Green Canvas Binder for 8-1/2"" x 14"" Sheets",Office Supplies
Griffin GC17055 Auxiliary Audio Cable,Technology
Griffin GC36547 PowerJolt SE Lightning Charger,Technology
Grip Seal Envelopes,Office Supplies
HP Office Paper (20Lb. and 87 Bright),Office Supplies
HP Office Recycled Paper (20Lb. and 87 Bright),Office Supplies
"HP Officejet Pro 8600 e-All-In-One Printer, Copier, Scanner, Fax",Technology
HP Standard 104 key PS/2 Keyboard,Technology
HTC One,Technology
HTC One Mini,Technology
Hammermill Color Copier Paper (28Lb. and 96 Bright),Office Supplies
Hammermill CopyPlus Copy Paper (20Lb. and 84 Bright),Office Supplies
Hand-Finished Solid Wood Document Frame,Furniture
Hanging Personal Folder File,Office Supplies
Harbour Creations 67200 Series Stacking Chairs,Furniture
Harbour Creations Steel Folding Chair,Furniture
Harmony Air Purifier,Office Supplies
Harmony HEPA Quiet Air Purifiers,Office Supplies
Heavy-Duty E-Z-D Binders,Office Supplies
Hewlett Packard 310 Color Digital Copier,Technology
Hewlett-Packard 300S Scientific Calculator,Technology
Hewlett-Packard Deskjet D4360 Printer,Technology
Hewlett-Packard Deskjet F4180 All-in-One Color Ink-jet - Printer / copier / scanner,Technology
High-Back Leather Manager's Chair,Furniture
Holmes 99% HEPA Air Purifier,Office Supplies
"Holmes Cool Mist Humidifier for the Whole House with 8-Gallon Output per Day, Extended Life Filter",Office Supplies
Holmes HEPA Air Purifier,Office Supplies
Holmes Odor Grabber,Office Supplies
"Holmes Replacement Filter for HEPA Air Cleaner, Large Room",Office Supplies
"Holmes Replacement Filter for HEPA Air Cleaner, Medium Room",Office Supplies
"Holmes Replacement Filter for HEPA Air Cleaner, Very Large Room, HEPA Filter",Office Supplies
"Holmes Visible Mist Ultrasonic Humidifier with 2.3-Gallon Output per Day, Replacement Filter",Office Supplies
Home/Office Personal File Carts,Office Supplies
Hon 2090 ï¿½ï¿½ï¿½Pillow Softï¿½ï¿½ï¿½ Series Mid Back Swivel,Furniture
Hon 2111 Invitation Series Corner Table,Furniture
Hon 2111 Invitation Series Straight Table,Furniture
"Hon 30"" x 60"" Table with Locking Drawer",Furniture
Hon 4-Shelf Metal Bookcases,Furniture
Hon 4060 Series Tables,Furniture
Hon 4070 Series Pagoda Armless Upholstered Stacking Chairs,Furniture
Hon 4070 Series Pagoda Round Back Stacking Chairs,Furniture
Hon 61000 Series Interactive Training Tables,Furniture
Hon Comfortask Task/Swivel Chairs,Furniture
Hon Deluxe Fabric Upholstered Stacking Chairs,Furniture
"Hon Deluxe Fabric Upholstered Stacking Chairs, Rounded Back",Furniture
Hon Every-Day Chair Series Swivel Task Chairs,Furniture
Hon Every-Day Series Multi-Task Chairs,Furniture
Hon GuestStacker Chair,Furniture
"Hon Metal Bookcases, Black",Furniture
"Hon Metal Bookcases, Gray",Furniture
"Hon Metal Bookcases, Putty",Furniture
Hon Mobius Operator's Chair,Furniture
Hon Non-Folding Utility Tables,Furniture
Hon Olson Stacker Chairs,Furniture
Hon Olson Stacker Stools,Furniture
Hon Pagoda Stacking Chairs,Furniture
"Hon Practical Foundations 30 x 60 Training Table, Light Gray/Charcoal",Furniture
Hon Racetrack Conference Tables,Furniture
Hon Rectangular Conference Tables,Furniture
Hon Valutask Swivel Chairs,Furniture
Honeywell Enviracaire Portable Air Cleaner for up to 8 x 10 Room,Office Supplies
Honeywell Enviracaire Portable HEPA Air Cleaner for up to 10 x 16 Room,Office Supplies
Honeywell Quietcare HEPA Air Cleaner,Office Supplies
Hoover Commercial Lightweight Upright Vacuum,Office Supplies
Hoover Commercial Lightweight Upright Vacuum with E-Z Empty Dirt Cup,Office Supplies
Hoover Commercial Soft Guard Upright Vacuum And Disposable Filtration Bags,Office Supplies
Hoover Commercial SteamVac,Office Supplies
Hoover Portapower Portable Vacuum,Office Supplies
Hoover Replacement Belt for Commercial Guardsman Heavy-Duty Upright Vacuum,Office Supplies
"Hoover Replacement Belts For Soft Guard & Commercial Ltweight Upright Vacs, 2/Pk",Office Supplies
Hoover Shoulder Vac Commercial Portable Vacuum,Office Supplies
Hoover Upright Vacuum With Dirt Cup,Office Supplies
"Hot File 7-Pocket, Floor Stand",Office Supplies
"Howard Miller 11-1/2"" Diameter Brentwood Wall Clock",Furniture
"Howard Miller 11-1/2"" Diameter Grantwood Wall Clock",Furniture
"Howard Miller 11-1/2"" Diameter Ridgewood Wall Clock",Furniture
"Howard Miller 12"" Round Wall Clock",Furniture
Howard Miller 12-3/4 Diameter Accuwave DS  Wall Clock,Furniture
"Howard Miller 13"" Diameter Goldtone Round Wall Clock",Furniture
"Howard Miller 13"" Diameter Pewter Finish Round Wall Clock",Furniture
"Howard Miller 13-1/2"" Diameter Rosebrook Wall Clock",Furniture
"Howard Miller 13-3/4"" Diameter Brushed Chrome Round Wall Clock",Furniture
"Howard Miller 14-1/2"" Diameter Chrome Round Wall Clock",Furniture
"Howard Miller 16"" Diameter Gallery Wall Clock",Furniture
Howard Miller Distant Time Traveler Alarm Clock,Furniture
"Hunt BOSTON Vista Battery-Operated Pencil Sharpener, Black",Office Supplies
Hunt Boston Vacuum Mount KS Pencil Sharpener,Office Supplies
"Hunt PowerHouse Electric Pencil Sharpener, Blue",Office Supplies
Hypercom P1300 Pinpad,Technology
I Need's 3d Hello Kitty Hybrid Silicone Case Cover for HTC One X 4g with 3d Hello Kitty Stylus Pen Green/pink,Technology
I.R.I.S IRISCard Anywhere 5 Card Scanner,Technology
"IBM Multi-Purpose Copy Paper, 8 1/2 x 11"", Case",Office Supplies
Ibico Covers for Plastic or Wire Binding Elements,Office Supplies
Ibico EB-19 Dual Function Manual Binding System,Office Supplies
Ibico Hi-Tech Manual Binding System,Office Supplies
Ibico Laser Imprintable Binding System Covers,Office Supplies
Ibico Plastic Spiral Binding Combs,Office Supplies
Ibico Plastic and Wire Spiral Binding Combs,Office Supplies
Ibico Presentation Index for Binding Systems,Office Supplies
Ibico Recycled Grain-Textured Covers,Office Supplies
Ibico Recycled Linen-Style Covers,Office Supplies
Ibico Standard Transparent Covers,Office Supplies
Iceberg Mobile Mega Data/Printer Cart,Office Supplies
"Iceberg Nesting Folding Chair, 19w x 6d x 43h",Furniture
"Iceberg OfficeWorks 42"" Round Tables",Furniture
Ideal Clamps,Office Supplies
Imation Bio 2GB USBï¿½ï¿½Flash Drive Imationï¿,Technology
Imation Bio 8GB USBï¿½ï¿½Flash Drive Imationï¿,Technology
Imationï¿½ï¿½16GB Mini TravelDrive USB 2.0ï¿½ï¿½Fla,Technology
Imationï¿½ï¿½30456 USBï¿½ï¿½Flash Dr,Technology
Imationï¿½ï¿½32GB Pocket Pro USB 3.0ï¿½ï¿½Flash Driveï¿½ï¿½- 32 GB - Bla,Technology
Imationï¿½ï¿½8GB Mini TravelDrive USB 2.0ï¿½ï¿½Fla,Technology
Imationï¿½ï¿½8gb Micro Traveldrive Usb 2.0ï¿½ï¿½Fla,Technology
Imationï¿½ï¿½Clip USBï¿½ï¿½flash drive,Technology
Imationï¿½ï¿½Secure+ Hardware Encrypted USB 2.0ï¿½ï¿½Flash Dri,Technology
Imationï¿½ï¿½Secureï¿½ï¿½Driveï¿½ï¿½+ Hardware Encrypted USBï¿½ï¿½flas,Technology
Imationï¿½ï¿½Swivelï¿½ï¿½Flash Driveï¿½ï¿½USBï¿½ï¿½fla,Technology
Imationï¿½ï¿½USB 2.0 Swivelï¿½ï¿½Flash Driveï¿½ï¿½USBï¿½ï¿½flash driv,Technology
"Important Message Pads, 50 4-1/4 x 5-1/2 Forms per Pad",Office Supplies
"Ink Jet Note and Greeting Cards, 8-1/2"" x 5-1/2"" Card Size",Office Supplies
Innergie mMini Combo Duo USB Travel Charging Kit,Technology
Insertable Tab Indexes For Data Binders,Office Supplies
Insertable Tab Post Binder Dividers,Office Supplies
"Inter-Office Recycled Envelopes, Brown Kraft, Button-String,10"" x 13"" , 100/Box",Office Supplies
"Iris 3-Drawer Stacking Bin, Black",Office Supplies
Iris Project Case,Office Supplies
"It's Hot Message Books with Stickers, 2 3/4"" x 5""",Office Supplies
JBL Micro Wireless Portable Bluetooth Speaker,Technology
JM Magazine Binder,Office Supplies
Jabra BIZ 2300 Duo QD Duo Cordedï¿½ï¿½Hea,Technology
Jabra SPEAK 410,Technology
Jabra SPEAK 410 Multidevice Speakerphone,Technology
Jabra Supreme Plus Driver Editionï¿½ï¿½Hea,Technology
Jackery Bar Premium Fast-charging Portable Charger,Technology
Jawbone MINI JAMBOX Wireless Bluetooth Speaker,Technology
Jensen SMPS-640 -ï¿½ï¿½speaker p,Technology
Jet-Pak Recycled Peel 'N' Seal Padded Mailers,Office Supplies
Jiffy Padded Mailers with Self-Seal Closure,Office Supplies
KI Adjustable-Height Table,Furniture
KI Conference Tables,Furniture
KLD Oscar II Style Snap-on Ultra Thin Side Flip Synthetic Leather Cover Case for HTC One HTC M7,Technology
Kensington 4 Outlet MasterPiece Compact Power Control Center,Office Supplies
Kensington 6 Outlet Guardian Standard Surge Protector,Office Supplies
Kensington 6 Outlet MasterPiece HOMEOFFICE Power Control Center,Office Supplies
Kensington 6 Outlet SmartSocket Surge Protector,Office Supplies
Kensington 7 Outlet MasterPiece HOMEOFFICE Power Control Center,Office Supplies
Kensington 7 Outlet MasterPiece Power Center,Office Supplies
Kensington 7 Outlet MasterPiece Power Center with Fax/Phone Line Protection,Office Supplies
Kensington Expert Mouse Optical USB Trackball for PC or Mac,Technology
Kensington K72356US Mouse-in-a-Box USB Desktop Mouse,Technology
Kensington Orbit Wireless Mobile Trackball for PC and Mac,Technology
Kensington SlimBlade Notebook Wireless Mouse with Nano Receiver,Technology
KeyTronicï¿½ï¿½6101 Series -ï¿½ï¿½Keyboardï,Technology
KeyTronicï¿½ï¿½E03601U1 -ï¿½ï¿½Keyboardï,Technology
KeyTronicï¿½ï¿½KT400U2 -ï¿½ï¿½Keyboardï,Technology
KeyTronicï¿½ï¿½KT800P2 -ï¿½ï¿½Keyboardï,Technology
Kingston Digital DataTraveler 16GB USB 2.0,Technology
Kingston Digital DataTraveler 32GB USB 2.0,Technology
Kingston Digital DataTraveler 64GB USB 2.0,Technology
Kingston Digital DataTraveler 8GB USB 2.0,Technology
Kleencut Forged Office Shears by Acme United Corporation,Office Supplies
Konftel 250 Conferenceï¿½ï¿½phoneï¿½ï¿½- Charco,Technology
Konica Minolta magicolor 1690MF Multifunction Printer,Technology
"LF Elite 3D Dazzle Designer Hard Case Cover, Lf Stylus Pen and Wiper For Apple Iphone 5c Mini Lite",Technology
LG Electronics Tone+ HBS-730 Bluetooth Headset,Technology
LG Exalt,Technology
LG G3,Technology
Laminate Occasional Tables,Furniture
Large Capacity Hanging Post Binders,Office Supplies
Laser & Ink Jet Business Envelopes,Office Supplies
"Leather Task Chair, Black",Furniture
Lenovo 17-Key USB Numeric Keypad,Technology
"Lesro Round Back Collection Coffee Table, End Table",Furniture
"Lesro Sheffield Collection Coffee Table, End Table, Center Table, Corner Table",Furniture
Letter Size Cart,Office Supplies
Letter Size File,Office Supplies
Letter Slitter,Office Supplies
Letter or Legal Size Expandable Poly String Tie Envelopes,Office Supplies
"Letter/Legal File Tote with Clear Snap-On Lid, Black Granite",Office Supplies
Lexmark 20R1285 X6650 Wireless All-in-One Printer,Technology
Lexmark MarkNet N8150 Wireless Print Server,Technology
Lexmark S315 Color Inkjet Printer,Technology
Lexmark X 9575 Professional All-in-One Color Printer,Technology
"Lifetime Advantage Folding Chairs, 4/Carton",Furniture
"Linden 10"" Round Wall Clock, Black",Furniture
"Linden 12"" Wall Clock With Oak Frame",Furniture
Lock-Up Easel 'Spel-Binder',Office Supplies
Logitech 910-002974 M325 Wireless Mouse for Web Scrolling,Technology
Logitech B530 USBï¿½ï¿½Headsetï¿½ï¿½-ï¿½ï¿½headsetï¿½ï¿½- Ful,Technology
Logitech ClearChat Comfort/USB Headset H390,Technology
Logitech Desktop MK120 Mouse and keyboard Combo,Technology
Logitech G105 Gaming Keyboard,Technology
Logitech G13 Programmable Gameboard with LCD Display,Technology
Logitech G19 Programmable Gaming Keyboard,Technology
Logitech G35 7.1-Channel Surround Sound Headset,Technology
Logitech G430 Surround Sound Gaming Headset with Dolby 7.1 Technology,Technology
Logitech G500s Laser Gaming Mouse with Adjustable Weight Tuning,Technology
Logitech G600 MMO Gaming Mouse,Technology
Logitech G602 Wireless Gaming Mouse,Technology
Logitech G700s Rechargeable Gaming Mouse,Technology
Logitech Illuminated Ultrathin Keyboard with Backlighting,Technology
Logitech K350 2.4Ghz Wireless Keyboard,Technology
Logitech Keyboard K120,Technology
Logitech M510 Wireless Mouse,Technology
Logitech Media Keyboard K200,Technology
Logitech Mobile Speakerphone P710e -ï¿½ï¿½speaker p,Technology
Logitech Trackman Marble Mouse,Technology
Logitech Wireless Anywhere Mouse MX for PC and Mac,Technology
Logitech Wireless Gaming Headset G930,Technology
Logitech Wireless Headset H600 Over-The-Head Design,Technology
Logitech Wireless Headset h800,Technology
Logitech Wireless Marathon Mouse M705,Technology
Logitech Wireless Performance Mouse MX for PC and Mac,Technology
Logitech Wireless Touch Keyboard K400,Technology
Logitechï¿½ï¿½Gaming G510s - Keyb,Technology
Logitechï¿½ï¿½Illuminated - Keyb,Technology
Logitechï¿½ï¿½LS21 Speaker System - PC Multimedia - 2.1-CH - W,Technology
Logitechï¿½ï¿½MX Performance Wireless M,Technology
Logitechï¿½ï¿½P710e Mobile Speakerp,Technology
Logitechï¿½ï¿½VX Revolution Cordless Laser Mouse for Notebooks (Bl,Technology
"Logitechï¿½ï¿½Wireless Boombox Speaker - portable - wireless, w",Technology
Longer-Life Soft White Bulbs,Furniture
Loose Memo Sheets,Office Supplies
Lumber Crayons,Office Supplies
Lunatik TT5L-002 Taktik Strike Impact Protection System for iPhone 5,Technology
Luxo Adjustable Task Clamp Lamp,Furniture
Luxo Economy Swing Arm Lamp,Furniture
Luxo Professional Combination Clamp-On Lamps,Furniture
Luxo Professional Fluorescent Magnifier Lamp with Clamp-Mount Base,Furniture
Luxo Professional Magnifying Clamp-On Fluorescent Lamps,Furniture
Macally Suction Cup Mount,Technology
Magna Visual Magnetic Picture Hangers,Furniture
Magnifier Swing Arm Lamp,Furniture
Manco Dry-Lighter Erasable Highlighter,Office Supplies
"Manila Recycled Extra-Heavyweight Clasp Envelopes, 6"" x 9""",Office Supplies
Martin-Yale Premier Letter Opener,Office Supplies
"Master Big Foot Doorstop, Beige",Furniture
"Master Caster Door Stop, Brown",Furniture
"Master Caster Door Stop, Gray",Furniture
"Master Caster Door Stop, Large Brown",Furniture
"Master Caster Door Stop, Large Neon Orange",Furniture
"Master Giant Foot Doorstop, Safety Yellow",Furniture
Maxell 4.7GB DVD+R 5/Pack,Technology
Maxell 4.7GB DVD+RW 3/Pack,Technology
Maxell 4.7GB DVD-R,Technology
Maxell 4.7GB DVD-R 5/Pack,Technology
Maxell 4.7GB DVD-RW 3/Pack,Technology
"Maxell 74 Minute CD-R Spindle, 50/Pack",Technology
"Maxell 74 Minute CDR, 10/Pack",Technology
Maxell CD-R Discs,Technology
Maxell DVD-RAM Discs,Technology
"Maxell Pro 80 Minute CD-R, 10/Pack",Technology
Maxellï¿½ï¿½LTO Ultrium - 80,Technology
"Mead 1st Gear 2"" Zipper Binder, Asst. Colors",Office Supplies
Mediabridge Sport Armband iPhone 5s,Technology
"Memo Book, 100 Message Capacity, 5 3/8ï¿½ï¿½ï¿½ x",Office Supplies
"Memorex 25GB 6X Branded Blu-Ray Recordable Disc, 15/Pack",Technology
"Memorex 25GB 6X Branded Blu-Ray Recordable Disc, 30/Pack",Technology
Memorex Froggy Flash Drive 4 GB,Technology
Memorex Froggy Flash Drive 8 GB,Technology
Memorex Micro Travel Drive 16 GB,Technology
Memorex Micro Travel Drive 32 GB,Technology
Memorex Micro Travel Drive 4 GB,Technology
Memorex Micro Travel Drive 8 GB,Technology
Memorex Mini Travel Drive 16 GB USB 2.0 Flash Drive,Technology
Memorex Mini Travel Drive 32 GB USB 2.0 Flash Drive,Technology
Memorex Mini Travel Drive 4 GB USB 2.0 Flash Drive,Technology
Memorex Mini Travel Drive 64 GB USB 2.0 Flash Drive,Technology
Memorex Mini Travel Drive 8 GB USB 2.0 Flash Drive,Technology
"Message Book, Phone, Wirebound Standard Line Memo, 2 3/4"" X 5""",Office Supplies
"Message Book, Standard Line ""While You Were Out"", 5 1/2"" X 4"", 200 Sets/Book",Office Supplies
"Message Book, Wirebound, Four 5 1/2"" X 4"" Forms/Pg., 200 Dupl. Sets/Book",Office Supplies
"Metal Folding Chairs, Beige, 4/Carton",Furniture
Micro Innovations USB RF Wireless Keyboard with Mouse,Technology
Micro Innovations Wireless Classic Keyboard with Mouse,Technology
Micropad Numeric Keypads,Technology
Microsoft Arc Touch Mouse,Technology
Microsoft Natural Ergonomic Keyboard 4000,Technology
Microsoft Natural Keyboard Elite,Technology
Microsoft Sculpt Comfort Mouse,Technology
Microsoft Wireless Mobile Mouse 4000,Technology
"Mini 13-1/2 Capacity Data Binder Rack, Pearl",Office Supplies
Mitel 5320 IP Phone VoIP phone,Technology
Mitel MiVoice 5330e IP Phone,Technology
Mobile Personal File Cube,Office Supplies
Model L Table or Wall-Mount Pencil Sharpener,Office Supplies
Mophie Juice Pack Helium for iPhone,Technology
Motorla HX550 Universal Bluetooth Headset,Technology
Motorola Droid Maxx,Technology
Motorola HK250 Universal Bluetooth Headset,Technology
Motorola L703CM,Technology
Motorola L804,Technology
Motorola Moto X,Technology
"Multi-Use Personal File Cart and Caster Set, Three Stacking Bins",Office Supplies
Multicolor Computer Printout Paper,Office Supplies
Multimedia Mailers,Office Supplies
NETGEAR AC1750 Dual Band Gigabitï¿½ï¿½Smart WiFi Ro,Technology
NETGEAR N750 Dual Band Wi-Fi Gigabit Router,Technology
NETGEAR RangeMax WNR1000 Wireless Router,Technology
"Neat Ideas Personal Hanging Folder Files, Black",Office Supplies
Newell 3-Hole Punched Plastic Slotted Magazine Holders for Binders,Office Supplies
Newell 307,Office Supplies
Newell 308,Office Supplies
Newell 309,Office Supplies
Newell 31,Office Supplies
Newell 310,Office Supplies
Newell 311,Office Supplies
Newell 312,Office Supplies
Newell 313,Office Supplies
Newell 314,Office Supplies
Newell 315,Office Supplies
Newell 316,Office Supplies
Newell 317,Office Supplies
Newell 318,Office Supplies
Newell 319,Office Supplies
Newell 32,Office Supplies
Newell 320,Office Supplies
Newell 321,Office Supplies
Newell 322,Office Supplies
Newell 323,Office Supplies
Newell 324,Office Supplies
Newell 325,Office Supplies
Newell 326,Office Supplies
Newell 327,Office Supplies
Newell 328,Office Supplies
Newell 329,Office Supplies
Newell 33,Office Supplies
Newell 330,Office Supplies
Newell 331,Office Supplies
Newell 332,Office Supplies
Newell 333,Office Supplies
Newell 334,Office Supplies
Newell 335,Office Supplies
Newell 336,Office Supplies
Newell 337,Office Supplies
Newell 338,Office Supplies
Newell 339,Office Supplies
Newell 34,Office Supplies
Newell 340,Office Supplies
Newell 341,Office Supplies
Newell 342,Office Supplies
Newell 343,Office Supplies
Newell 344,Office Supplies
Newell 345,Office Supplies
Newell 346,Office Supplies
Newell 347,Office Supplies
Newell 348,Office Supplies
Newell 349,Office Supplies
Newell 35,Office Supplies
Newell 350,Office Supplies
Newell 351,Office Supplies
Newell Chalk Holder,Office Supplies
Nokia Lumia 521 (T-Mobile),Technology
Nokia Lumia 925,Technology
Nontoxic Chalk,Office Supplies
Nortel Business Series Terminal T7208 Digital phone,Technology
Nortel Meridian M3904 Professional Digital phone,Technology
Nortel Meridian M5316 Digital phone,Technology
Nortel Networks T7316 E Nt8 B27,Technology
Novimex Fabric Task Chair,Furniture
Novimex High-Tech Fabric Mesh Task Chair,Furniture
Novimex Swivel Fabric Task Chair,Furniture
Novimex Turbo Task Chair,Furniture
Nu-Dell EZ-Mount Plastic Wall Frames,Furniture
Nu-Dell Executive Frame,Furniture
Nu-Dell Float Frame 11 x 14 1/2,Furniture
Nu-Dell Leatherette Frames,Furniture
Nu-Dell Oak Frame,Furniture
O'Sullivan 2-Door Barrister Bookcase in Odessa Pine,Furniture
O'Sullivan 2-Shelf Heavy-Duty Bookcases,Furniture
O'Sullivan 3-Shelf Heavy-Duty Bookcases,Furniture
O'Sullivan 4-Shelf Bookcase in Odessa Pine,Furniture
O'Sullivan 5-Shelf Heavy-Duty Bookcases,Furniture
O'Sullivan Cherrywood Estates Traditional Barrister Bookcase,Furniture
O'Sullivan Cherrywood Estates Traditional Bookcase,Furniture
"O'Sullivan Elevations Bookcase, Cherry Finish",Furniture
O'Sullivan Living Dimensions 2-Shelf Bookcases,Furniture
O'Sullivan Living Dimensions 3-Shelf Bookcases,Furniture
O'Sullivan Living Dimensions 5-Shelf Bookcases,Furniture
O'Sullivan Manor Hill 2-Door Library in Brianna Oak,Furniture
O'Sullivan Plantations 2-Door Library in Landvery Oak,Furniture
"OIC #2 Pencils, Medium Soft",Office Supplies
OIC Binder Clips,Office Supplies
"OIC Binder Clips, Mini, 1/4"" Capacity, Black",Office Supplies
OIC Bulk Pack Metal Binder Clips,Office Supplies
"OIC Colored Binder Clips, Assorted Sizes",Office Supplies
OIC Stacking Trays,Furniture
OIC Thumb-Tacks,Office Supplies
Office Star - Contemporary Swivel Chair with Padded Adjustable Arms and Flex Back,Furniture
Office Star - Contemporary Task Swivel Chair,Furniture
"Office Star - Contemporary Task Swivel chair with 2-way adjustable arms, Plum",Furniture
"Office Star - Contemporary Task Swivel chair with Loop Arms, Charcoal",Furniture
Office Star - Ergonomically Designed Knee Chair,Furniture
Office Star - Mesh Screen back chair with Vinyl seat,Furniture
Office Star - Mid Back Dual function Ergonomic High Back Chair with 2-Way Adjustable Arms,Furniture
Office Star - Professional Matrix Back Chair with 2-to-1 Synchro Tilt and Mesh Fabric Seat,Furniture
Office Star - Task Chair with Contemporary Loop Arms,Furniture
Office Star Flex Back Scooter Chair with Aluminum Finish Frame,Furniture
Office Star Flex Back Scooter Chair with White Frame,Furniture
Okidata B400 Printer,Technology
Okidata B401 Printer,Technology
Okidata C331dn Printer,Technology
Okidata MB491 Multifunction Printer,Technology
Ooma Telo VoIP Home Phone System,Technology
OtterBox Commuter Series Case - Samsung Galaxy S4,Technology
OtterBox Commuter Series Case - iPhone 5 & 5s,Technology
OtterBox Defender Series Case - Samsung Galaxy S4,Technology
OtterBox Defender Series Case - iPhone 5c,Technology
PNY Rapid USB Car Charger - Black,Technology
"Padded Folding Chairs, Black, 4/Carton",Furniture
Panasonic KP-150 Electric Pencil Sharpener,Office Supplies
Panasonic KP-310 Heavy-Duty Electric Pencil Sharpener,Office Supplies
Panasonic KP-350BK Electric Pencil Sharpener with Auto Stop,Office Supplies
Panasonic KP-380BK Classic Electric Pencil Sharpener,Office Supplies
Panasonic KP-4ABK Battery-Operated Pencil Sharpener,Office Supplies
Panasonic KX - TS880B Telephone,Technology
Panasonic KX MC6040 Color Laser Multifunction Printer,Technology
Panasonic KX T7731-B Digital phone,Technology
Panasonic KX T7736-B Digital phone,Technology
Panasonic KX TS208W Corded phone,Technology
Panasonic KX TS3282B Corded phone,Technology
Panasonic KX TS3282W Corded phone,Technology
Panasonic KX-TG6844B Expandable Digital Cordless Telephone,Technology
Panasonic KX-TG9471B,Technology
Panasonic KX-TG9541B DECT 6.0 Digital 2-Line Expandable Cordless Phone With Digital Answering System,Technology
Panasonic Kx-TS550,Technology
Park Ridge Embossed Executive Business Envelopes,Office Supplies
Pastel Pink Envelopes,Office Supplies
PayAnywhere Card Reader,Technology
Peel & Seel Envelopes,Office Supplies
"Peel & Seel Recycled Catalog Envelopes, Brown",Office Supplies
Peel & Stick Add-On Corner Pockets,Office Supplies
Peel-Off China Markers,Office Supplies
Pencil and Crayon Sharpener,Office Supplies
Penpower WorldCard Pro Card Scanner,Technology
"Performers Binder/Pad Holder, Black",Office Supplies
"Perixx PERIBOARD-512B, Ergonomic Split Keyboard",Technology
"Perma STOR-ALL Hanging File Box, 13 1/8""W x 12 1/4""D x 10 1/2""H",Office Supplies
Permanent Self-Adhesive File Folder Labels for Typewriters by Universal,Office Supplies
"Permanent Self-Adhesive File Folder Labels for Typewriters, 1 1/8 x 3 1/2, White",Office Supplies
Personal Creations Ink Jet Cards and Labels,Office Supplies
Personal File Boxes with Fold-Down Carry Handle,Office Supplies
"Personal Filing Tote with Lid, Black/Gray",Office Supplies
"Personal Folder Holder, Ebony",Office Supplies
Petty Cash Envelope,Office Supplies
Pizazz Global Quick File,Office Supplies
Plantronics 81402,Technology
Plantronics Audio 478 Stereo USB Headset,Technology
Plantronics Audio 995 Wireless Stereo Headset,Technology
"Plantronics CS 50-USB -ï¿½ï¿½headsetï¿½ï¿½- Convertible, ",Technology
Plantronics CS510 - Over-the-Head monaural Wireless Headset System,Technology
Plantronics Calisto P620-M USB Wireless Speakerphone System,Technology
Plantronics Cordlessï¿½ï¿½Phone Headsetï¿½ï¿½with In-line Volume,Technology
Plantronics Encore H101 Dual Earpiecesï¿½ï¿½Hea,Technology
Plantronics HL10 Handset Lifter,Technology
Plantronics MX500i Earset,Technology
Plantronics S12 Corded Telephone Headset System,Technology
Plantronics Single Ear Headset,Technology
Plantronics Voyager Pro HD - Bluetooth Headset,Technology
Plantronics Voyager Pro Legend,Technology
Plastic Binding Combs,Office Supplies
Plastic Stacking Crates & Casters,Office Supplies
Plymouth Boxed Rubber Bands by Plymouth,Office Supplies
Poly Designer Cover & Back,Office Supplies
Poly String Tie Envelopes,Office Supplies
Polycom CX300 Desktop Phone USB VoIP phone,Technology
Polycom SoundPoint IP 450 VoIP phone,Technology
Polycom SoundPoint Pro SE-225 Corded phone,Technology
Polycom VVX 310 VoIP phone,Technology
Polycom VoiceStation 500 Conferenceï¿½ï¿½p,Technology
Portable Personal File Box,Office Supplies
Portfile Personal File Boxes,Office Supplies
"Post-it ï¿½ï¿½ï¿½Important Messageï¿½ï¿½ï¿½ Note Pad, Neon Colors, 5",Office Supplies
PowerGen Dual USB Car Charger,Technology
Prang Colored Pencils,Office Supplies
Prang Drawing Pencil Set,Office Supplies
Prang Dustless Chalk Sticks,Office Supplies
Premier Automatic Letter Opener,Office Supplies
Premier Electric Letter Opener,Office Supplies
"Premier Elliptical Ring Binder, Black",Office Supplies
Premium Transparent Presentation Covers by GBC,Office Supplies
"Premium Transparent Presentation Covers, No Pattern/Clear, 8 1/2"" x 11""",Office Supplies
"Premium Writing Pencils, Soft, #2 by Central Association for the Blind",Office Supplies
"Pressboard Covers with Storage Hooks, 9 1/2"" x 11"", Light Blue",Office Supplies
"Pressboard Data Binder, Crimson, 12"" X 8 1/2""",Office Supplies
Pressboard Data Binders by Wilson Jones,Office Supplies
Pressboard Hanging Data Binders for Unburst Sheets,Office Supplies
Presstex Flexible Ring Binders,Office Supplies
Prestige Round Ring Binders,Office Supplies
Prismacolor Color Pencil Set,Office Supplies
Project Tote Personal File,Office Supplies
PureGear Roll-On Screen Protector,Technology
Pyle PMP37LED,Technology
Pyle PRT45 Retro Homeï¿½ï¿½Telep,Technology
QVS USB Car Charger 2-Port 2.1Amp for iPod/iPhone/iPad/iPad 2/iPad 3,Technology
Quality Park Security Envelopes,Office Supplies
"Quartet Alpha White Chalk, 12/Pack",Office Supplies
"Quartet Omega Colored Chalk, 12/Pack",Office Supplies
RCA H5401RE1 DECT 6.0 4-Line Cordless Handset With Caller ID/Call Waiting,Technology
RCA ViSYS 25423RE1 Corded phone,Technology
RCA ViSYS 25425RE1 Corded phone,Technology
RCA ViSYS 25825 Wireless digital phone,Technology
RCA Visys Integrated PBX 8-Line Router,Technology
"REDIFORM Incoming/Outgoing Call Register, 11"" X 8 1/2"", 100 Messages",Office Supplies
"RSVP Cards & Envelopes, Blank White, 8-1/2"" X 11"", 24 Cards/25 Envelopes/Set",Office Supplies
Razer Kraken 7.1 Surround Sound Over Ear USB Gaming Headset,Technology
Razer Kraken PRO Over Ear PC and Music Headset,Technology
Razer Tiamat Over Ear 7.1 Surround Sound PC Gaming Headset,Technology
"Recycled Data-Pak for Archival Bound Computer Printouts, 12-1/2 x 12-1/2 x 16",Office Supplies
"Recycled Desk Saver Line ""While You Were Out"" Book, 5 1/2"" X 4""",Office Supplies
Recycled Easel Ring Binders,Office Supplies
Recycled Eldon Regeneration Jumbo File,Office Supplies
"Recycled Interoffice Envelopes with Re-Use-A-Seal Closure, 10 x 13",Office Supplies
"Recycled Interoffice Envelopes with String and Button Closure, 10 x 13",Office Supplies
Recycled Premium Regency Composition Covers,Office Supplies
Recycled Pressboard Report Cover with Reinforced Top Hinge,Office Supplies
Recycled Steel Personal File for Hanging File Folders,Office Supplies
Recycled Steel Personal File for Standard File Folders,Office Supplies
"Redi-Strip #10 Envelopes, 4 1/8 x 9 1/2",Office Supplies
"Rediform S.O.S. 1-Up Phone Message Bk, 4-1/4x3-1/16 Bk, 1 Form/Pg, 40 Messages/Bk, 3/Pk",Office Supplies
Rediform S.O.S. Phone Message Books,Office Supplies
Rediform Voice Mail Log Books,Office Supplies
"Rediform Wirebound ""Phone Memo"" Message Book, 11 x 5-3/4",Office Supplies
Regeneration Desk Collection,Furniture
Revere Boxed Rubber Bands by Revere,Office Supplies
Ricoh - Ink Collector Unit for GX3000 Series Printers,Technology
Riverleaf Stik-Withit Designer Note Cubes,Office Supplies
"Riverside Furniture Oval Coffee Table, Oval End Table, End Table with Drawer",Furniture
Riverside Furniture Stanwyck Manor Table Series,Furniture
Rogers Deluxe File Chest,Office Supplies
Rogers Handheld Barrel Pencil Sharpener,Office Supplies
"Rogers Jumbo File, Granite",Office Supplies
Rogers Profile Extra Capacity Storage Tub,Office Supplies
Rosewill 107 Normal Keys USB Wired Standard Keyboard,Technology
Round Ring Binders,Office Supplies
Round Specialty Laser Printer Labels,Office Supplies
Rubber Band Ball,Office Supplies
"Rubbermaid ClusterMat Chairmats, Mat Size- 66"" x 60"", Lip 20"" x 11"" -90 Degree Angle",Furniture
"Rush Hierlooms Collection 1"" Thick Stackable Bookcases",Furniture
Rush Hierlooms Collection Rich Wood Bookcases,Furniture
SAFCO Arco Folding Chair,Furniture
SAFCO Boltless Steel Shelving,Office Supplies
"SAFCO Commercial Wire Shelving, 72h",Office Supplies
"SAFCO Commercial Wire Shelving, Black",Office Supplies
SAFCO Folding Chair Trolley,Furniture
"SAFCO Mobile Desk Side File, Wire Frame",Office Supplies
SAFCO Optional Arm Kit for Workspace Cribbage Stacking Chair,Furniture
"SAFCO PlanMaster Boards, 60w x 37-1/2d, White Melamine",Furniture
"SAFCO PlanMaster Heigh-Adjustable Drafting Table Base, 43w x 30d x 30-37h, Black",Furniture
SANFORD Liquid Accent Tank-Style Highlighters,Office Supplies
SANFORD Major Accent Highlighters,Office Supplies
"SKILCRAFT Telephone Shoulder Rest, 2"" x 6.5"" x 2.5"", Black",Technology
Sabrent 4-Port USB 2.0 Hub,Technology
"Safco Chair Connectors, 6/Carton",Furniture
Safco Commercial Shelving,Office Supplies
Safco Contoured Stacking Chairs,Furniture
Safco Drafting Table,Furniture
Safco Industrial Shelving,Office Supplies
Safco Industrial Wire Shelving,Office Supplies
Safco Industrial Wire Shelving System,Office Supplies
Safco Steel Mobile File Cart,Office Supplies
"Safco Value Mate Series Steel Bookcases, Baked Enamel Finish on Steel, Gray",Furniture
"Safco Value Mate Steel Bookcase, Baked Enamel Finish on Steel, Black",Furniture
"Safco Wire Cube Shelving System, For Use as 4 or 5 14"" Cubes, Black",Office Supplies
Samsung Convoy 3,Technology
Samsung Galaxy S4 Mini,Technology
Samsung HM1900 Bluetooth Headset,Technology
Samsung Replacement EH64AVFWE Premium Headset,Technology
Samsung Rugby III,Technology
SanDisk Cruzer 16 GB USB Flash Drive,Technology
SanDisk Cruzer 32 GB USB Flash Drive,Technology
SanDisk Cruzer 4 GB USB Flash Drive,Technology
SanDisk Cruzer 64 GB USB Flash Drive,Technology
SanDisk Cruzer 8 GB USB Flash Drive,Technology
SanDisk Ultra 16 GB MicroSDHC Class 10 Memory Card,Technology
SanDisk Ultra 32 GB MicroSDHC Class 10 Memory Card,Technology
SanDisk Ultra 64 GB MicroSDHC Class 10 Memory Card,Technology
Sanford 52201 APSCO Electric Pencil Sharpener,Office Supplies
"Sanford Colorific Colored Pencils, 12/Box",Office Supplies
"Sanford Colorific Eraseable Coloring Pencils, 12 Count",Office Supplies
"Sanford Colorific Scented Colored Pencils, 12/Pack",Office Supplies
"Sanford EarthWrite Recycled Pencils, Medium Soft, #2",Office Supplies
Sanford Liquid Accent Highlighters,Office Supplies
Sanford Pocket Accent Highlighters,Office Supplies
"Sanford Prismacolor Professional Thick Lead Art Pencils, 36-Color Set",Office Supplies
"Sanford Uni-Blazer View Highlighters, Chisel Tip, Yellow",Office Supplies
"Sanitaire Vibra Groomer IR Commercial Upright Vacuum, Replacement Belts",Office Supplies
Sannysis Cute Owl Design Soft Skin Case Cover for Samsung Galaxy S4,Technology
Sanyo 2.5 Cubic Foot Mid-Size Office Refrigerators,Office Supplies
Satellite Sectional Post Binders,Office Supplies
Sauder Barrister Bookcases,Furniture
"Sauder Camden County Barrister Bookcase, Planked Cherry Finish",Furniture
"Sauder Camden County Collection Libraries, Planked Cherry Finish",Furniture
Sauder Cornerstone Collection Library,Furniture
"Sauder Facets Collection Library, Sky Alder Finish",Furniture
"Sauder Forest Hills Library with Doors, Woodland Oak Finish",Furniture
"Sauder Forest Hills Library, Woodland Oak Finish",Furniture
Sauder Inglewood Library Bookcases,Furniture
"Sauder Mission Library with Doors, Fruitwood Finish",Furniture
Security-Tint Envelopes,Office Supplies
Seidio BD2-HK3IPH5-BK DILEX Case and Holster Combo for Apple iPhone 5/5s - Black,Technology
Self-Adhesive Address Labels for Typewriters by Universal,Office Supplies
Self-Adhesive Address Labels for Typewriters with Dispenser Box,Office Supplies
Self-Adhesive Removable Labels,Office Supplies
Self-Adhesive Ring Binder Labels,Office Supplies
Sensible Storage WireTech Storage Systems,Office Supplies
Serrated Blade or Curved Handle Hand Letter Openers,Office Supplies
"Seth Thomas 12"" Clock w/ Goldtone Case",Furniture
"Seth Thomas 13 1/2"" Wall Clock",Furniture
"Seth Thomas 14"" Day/Date Wall Clock",Furniture
"Seth Thomas 14"" Putty-Colored Wall Clock",Furniture
"Seth Thomas 16"" Steel Case Clock",Furniture
"Seth Thomas 8 1/2"" Cubicle Clock",Furniture
Sharp 1540cs Digital Laser Copier,Technology
Shocksock Galaxy S4 Armband,Technology
ShoreTel ShorePhone IP 230 VoIP phone,Technology
"SimpliFile Personal File, Black Granite, 15w x 6-15/16d x 11-1/4h",Office Supplies
"Situations Contoured Folding Chairs, 4/Set",Furniture
"SlimView Poly Binder, 3/8""",Office Supplies
"SmartStand Mobile Device Holder, Assorted Colors",Technology
Smead Alpha-Z Color-Coded Name Labels First Letter Starter Set,Office Supplies
Smead Alpha-Z Color-Coded Second Alphabetical Labels and Starter Set,Office Supplies
"Snap-A-Way Black Print Carbonless Ruled Speed Letter, Triplicate",Office Supplies
"Snap-A-Way Black Print Carbonless Speed Message, No Reply Area, Duplicate",Office Supplies
Sony 16GB Class 10 Micro SDHC R40 Memory Card,Technology
Sony 32GB Class 10 Micro SDHC R40 Memory Card,Technology
Sony 64GB Class 10 Micro SDHC R40 Memory Card,Technology
Sony 8GB Class 10 Micro SDHC R40 Memory Card,Technology
Sony Micro Vault Click 16 GB USB 2.0 Flash Drive,Technology
Sony Micro Vault Click 4 GB USB 2.0 Flash Drive,Technology
Sony Micro Vault Click 8 GB USB 2.0 Flash Drive,Technology
"Sortfiler Multipurpose Personal File Organizer, Black",Office Supplies
Southworth 100% Cotton The Best Paper,Office Supplies
Southworth 100% Rï¿½ï¿½sumï¿½ï¿½ Pape,Office Supplies
Southworth 25% Cotton Antique Laid Paper & Envelopes,Office Supplies
Southworth 25% Cotton Granite Paper & Envelopes,Office Supplies
Southworth 25% Cotton Linen-Finish Paper & Envelopes,Office Supplies
Southworth 25% Cotton Premium Laser Paper and Envelopes,Office Supplies
Southworth Parchment Paper & Envelopes,Office Supplies
Southworth Structures Collection,Office Supplies
Space Solutions Commercial Steel Shelving,Office Supplies
Space Solutions HD Industrial Steel Shelving.,Office Supplies
Space Solutions Industrial Galvanized Steel Shelving.,Office Supplies
Speck Products Candyshell Flip Case,Technology
"Speediset Carbonless Redi-Letter 7"" x 8 1/2""",Office Supplies
Spigen Samsung Galaxy S5 Case Wallet,Technology
SpineVue Locking Slant-D Ring Binders by Cardinal,Office Supplies
Spiral Phone Message Books with Labels by Adams,Office Supplies
Square Credit Card Reader,Technology
"Square Credit Card Reader, 4 1/2"" x 4 1/2"" x 1"", White",Technology
"Square Ring Data Binders, Rigid 75 Pt. Covers, 11"" x 14-7/8""",Office Supplies
Stackable Trays,Furniture
"Stacking Tray, Side-Loading, Legal, Smoke",Furniture
Stacking Trays by OIC,Furniture
Standard Line ï¿½ï¿½ï¿½While You Were Outï¿½ï¿½ï¿½ Hardbound Telephone ,Office Supplies
Standard Rollaway File with Lock,Office Supplies
Stanley Bostitch Contemporary Electric Pencil Sharpeners,Office Supplies
Stanley Contemporary Battery Pencil Sharpeners,Office Supplies
Staple envelope,Office Supplies
Staple holder,Office Supplies
Staple magnet,Office Supplies
Staple remover,Office Supplies
Staple-based wall hangings,Furniture
Staple-on labels,Office Supplies
Staples,Office Supplies
Staples in misc. colors,Office Supplies
StarTech.com 10/100 VDSL2 Ethernet Extender Kit,Technology
Steel Personal Filing/Posting Tote,Office Supplies
Sterilite Officeware Hinged File Box,Office Supplies
Sterilite Show Offs Storage Containers,Office Supplies
Sterling Rubber Bands by Alliance,Office Supplies
Stiletto Hand Letter Openers,Office Supplies
Stockwell Gold Paper Clips,Office Supplies
Stockwell Push Pins,Office Supplies
Storex Dura Pro Binders,Office Supplies
Storex DuraTech Recycled Plastic Frosted Binders,Office Supplies
Storex Flexible Poly Binders with Double Pockets,Office Supplies
"Strathmore #10 Envelopes, Ultimate White",Office Supplies
Strathmore Photo Frame Cards,Office Supplies
Strathmore Photo Mount Cards,Office Supplies
"Stride Job 150 Highlighters, Chisel Tip, Assorted Colors",Office Supplies
"Stur-D-Stor Shelving, Vertical 5-Shelf: 72""H x 36""W x 18 1/2""D",Office Supplies
"Super Bands, 12/Pack",Office Supplies
Super Decoflex Portable Personal File,Office Supplies
Surelock Post Binders,Office Supplies
"TOPS ""Important Message"" Pads, Canary, 4-1/4 x 5-1/2, 50 Sheets per Pad",Office Supplies
"TOPS 4 x 6 Fluorescent Color Memo Sheets, 500 Sheets per Pack",Office Supplies
"TOPS Carbonless Receipt Book, Four 2-3/4 x 7-1/4 Money Receipts per Page",Office Supplies
"TOPS Money Receipt Book, Consecutively Numbered in Red,",Office Supplies
"TOPS Voice Message Log Book, Flash Format",Office Supplies
"TRENDnet 56K USB 2.0 Phone, Internet and Fax Modem",Technology
"Telephone Message Books with Fax/Mobile Section, 4 1/4"" x 6""",Office Supplies
"Telephone Message Books with Fax/Mobile Section, 5 1/2"" x 3 3/16""",Office Supplies
Telescoping Adjustable Floor Lamp,Furniture
"Tenex ""The Solids"" Textured Chair Mats",Furniture
"Tenex 46"" x 60"" Computer Anti-Static Chairmat, Rectangular Shaped",Furniture
Tenex Antistatic Computer Chair Mats,Furniture
Tenex B1-RE Series Chair Mats for Low Pile Carpets,Furniture
"Tenex Carpeted, Granite-Look or Clear Contemporary Contour Shape Chair Mats",Furniture
"Tenex Chairmat w/ Average Lip, 45"" x 53""",Furniture
Tenex Chairmats For Use With Carpeted Floors,Furniture
Tenex Chairmats For Use with Hard Floors,Furniture
"Tenex Contemporary Contur Chairmats for Low and Medium Pile Carpet, Computer, 39"" x 49""",Furniture
"Tenex File Box, Personal Filing Tote with Lid, Black",Office Supplies
"Tenex Personal Filing Tote With Secure Closure Lid, Black/Frost",Office Supplies
"Tenex Personal Project File with Scoop Front Design, Black",Office Supplies
"Tenex Personal Self-Stacking Standard File Box, Black/Gray",Office Supplies
"Tenex Traditional Chairmats for Hard Floors, Average Lip, 36"" x 48""",Furniture
"Tenex Traditional Chairmats for Medium Pile Carpet, Standard Lip, 36"" x 48""",Furniture
"Tenex V2T-RE Standard Weight Series Chair Mat, 45"" x 53"", Lip 25"" x 12""",Furniture
Tennsco 6- and 18-Compartment Lockers,Office Supplies
Tennsco Commercial Shelving,Office Supplies
Tennsco Double-Tier Lockers,Office Supplies
Tennsco Industrial Shelving,Office Supplies
"Tennsco Lockers, Gray",Office Supplies
"Tennsco Lockers, Sand",Office Supplies
Tennsco Regal Shelving Units,Office Supplies
Tennsco Single-Tier Lockers,Office Supplies
"Tennsco Stur-D-Stor Boltless Shelving, 5 Shelves, 24"" Deep, Sand",Office Supplies
"Tensor ""Hersey Kiss"" Styled Floor Lamp",Furniture
Tensor Brushed Steel Torchiere Floor Lamp,Furniture
Tensor Computer Mounted Lamp,Furniture
Tensor Track Tree Floor Lamp,Furniture
Texas Instrument TI-15 Fraction Calculator,Technology
Texas Instruments TI-34 Scientific Calculator,Technology
Things To Do Today Pad,Office Supplies
Things To Do Today Spiral Book,Office Supplies
Tops Green Bar Computer Printout Paper,Office Supplies
Tops White Computer Printout Paper,Office Supplies
Tops Wirebound Message Log Books,Office Supplies
Toshiba IPT2010-SD IPï¿½ï¿½Telep,Technology
Translucent Push Pins by OIC,Office Supplies
"Trav-L-File Heavy-Duty Shuttle II, Black",Office Supplies
Trimflex Flexible Post Binders,Office Supplies
Tripp Lite Isotel 6 Outlet Surge Protector with Fax/Modem Protection,Office Supplies
Tripp Lite Isotel 8 Ultra 8 Outlet Metal Surge,Office Supplies
Tripp Lite TLP810NET Broadband Surge for Modem/Fax,Office Supplies
Tuf-Vin Binders,Office Supplies
Tuff Stuff Recycled Round Ring Binders,Office Supplies
Turquoise Lead Holder with Pocket Clip,Office Supplies
"Tyvek  Top-Opening Peel & Seel  Envelopes, Gray",Office Supplies
"Tyvek  Top-Opening Peel & Seel Envelopes, Plain White",Office Supplies
"Tyvek Interoffice Envelopes, 9 1/2"" x 12 1/2"", 100/Box",Office Supplies
Tyvek Side-Opening Peel & Seel Expanding Envelopes,Office Supplies
Ultra Commercial Grade Dual Valve Door Closer,Furniture
"Ultra Door Kickplate, 8""H x 34""W",Furniture
Ultra Door Pull Handle,Furniture
Ultra Door Push Plate,Furniture
UniKeep View Case Binders,Office Supplies
Universal Premium White Copier/Laser Paper (20Lb. and 87 Bright),Office Supplies
"Universal Recycled Hanging Pressboard Report Binders, Letter Size",Office Supplies
"Universal Ultra Bright White Copier/Laser Paper, 8 1/2"" x 11"", Ream",Office Supplies
Unpadded Memo Slips,Office Supplies
V7 USB Numeric Keypad,Technology
VTech DS6151,Technology
VariCap6 Expandable Binder,Office Supplies
"Verbatim 25 GB 6x Blu-ray Single Layer Recordable Disc, 1/Pack",Technology
"Verbatim 25 GB 6x Blu-ray Single Layer Recordable Disc, 10/Pack",Technology
"Verbatim 25 GB 6x Blu-ray Single Layer Recordable Disc, 25/Pack",Technology
"Verbatim 25 GB 6x Blu-ray Single Layer Recordable Disc, 3/Pack",Technology
"Verbatim Slim CD and DVD Storage Cases, 50/Pack",Technology
"Vinyl Coated Wire Paper Clips in Organizer Box, 800/Box",Office Supplies
Vinyl Sectional Post Binders,Office Supplies
"Vtech AT&T CL2940 Corded Speakerphone, Black",Technology
Vtech CS6719,Technology
WD My Passport Ultra 1TB Portable External Hard Drive,Technology
WD My Passport Ultra 2TB Portable External Hard Drive,Technology
WD My Passport Ultra 500GB Portable External Hard Drive,Technology
Wasp CCD Handheld Bar Code Reader,Technology
Wausau Papers Astrobrights Colored Envelopes,Office Supplies
Westinghouse Clip-On Gooseneck Lamps,Furniture
"Westinghouse Floor Lamp with Metal Mesh Shade, Black",Furniture
"Westinghouse Mesh Shade Clip-On Gooseneck Lamp, Black",Furniture
Weyerhaeuser First Choice Laser/Copy Paper (20Lb. and 88 Bright),Office Supplies
"While You Were Out Pads, 50 per Pad, 4 x 5 1/4, Green Cycle",Office Supplies
"White Business Envelopes with Contemporary Seam, Recycled White Business Envelopes",Office Supplies
White Computer Printout Paper by Universal,Office Supplies
"White Dual Perf Computer Printout Paper, 2700 Sheets, 1 Part, Heavyweight, 20 lbs., 14 7/8 x 11",Office Supplies
"White Envelopes, White Envelopes with Clear Poly Window",Office Supplies
White GlueTop Scratch Pads,Office Supplies
Wi-Ex zBoost YX540 Cellular Phone Signal Booster,Technology
Wilson Electronics DB Pro Signal Booster,Technology
"Wilson Jones 1"" Hanging DublLock Ring Binders",Office Supplies
Wilson Jones 14 Line Acrylic Coated Pressboard Data Binders,Office Supplies
Wilson Jones Active Use Binders,Office Supplies
Wilson Jones Century Plastic Molded Ring Binders,Office Supplies
"Wilson Jones Clip & Carry Folder Binder Tool for Ring Binders, Clear",Office Supplies
Wilson Jones Custom Binder Spines & Labels,Office Supplies
Wilson Jones DublLock D-Ring Binders,Office Supplies
Wilson Jones Easy Flow II Sheet Lifters,Office Supplies
"Wilson Jones Elliptical Ring 3 1/2"" Capacity Binders, 800 sheets",Office Supplies
Wilson Jones Four-Pocket Poly Binders,Office Supplies
Wilson Jones Hanging Recycled Pressboard Data Binders,Office Supplies
"Wilson Jones Hanging View Binder, White, 1""",Office Supplies
Wilson Jones Heavy-Duty Casebound Ring Binders with Metal Hinges,Office Supplies
Wilson Jones Impact Binders,Office Supplies
Wilson Jones International Size A4 Ring Binders,Office Supplies
Wilson Jones Leather-Like Binders with DublLock Round Rings,Office Supplies
"Wilson Jones Ledger-Size, Piano-Hinge Binder, 2"", Blue",Office Supplies
Wilson Jones Legal Size Ring Binders,Office Supplies
Wilson Jones Standard D-Ring Binders,Office Supplies
Wilson Jones Suede Grain Vinyl Binders,Office Supplies
Wilson Jones Turn Tabs Binder Tool for Ring Binders,Office Supplies
Wilson Jones data.warehouse D-Ring Binders with DublLock,Office Supplies
Wilson Jones ï¿½ï¿½ï¿½Snapï¿½ï¿½ï¿½ Scratch Pad Binder Tool for ,Office Supplies
Wilson SignalBoost 841262 DB PRO Amplifier Kit,Technology
"Wirebound Four 2-3/4 x 5 Forms per Page, 400 Sets per Book",Office Supplies
"Wirebound Message Book, 4 per Page",Office Supplies
"Wirebound Message Books, 2 7/8"" x 5"", 3 Forms per Page",Office Supplies
"Wirebound Message Books, 5-1/2 x 4 Forms, 2 or 4 Forms per Page",Office Supplies
"Wirebound Message Books, Four 2 3/4 x 5 Forms per Page, 200 Sets per Book",Office Supplies
"Wirebound Message Books, Four 2 3/4 x 5 White Forms per Page",Office Supplies
"Wirebound Message Books, Four 2 3/4"" x 5"" Forms per Page, 600 Sets per Book",Office Supplies
"Wirebound Message Books, Two 4 1/4"" x 5"" Forms per Page",Office Supplies
"Wirebound Message Forms, Four 2 3/4 x 5 Forms per Page, Pink Paper",Office Supplies
"Wirebound Service Call Books, 5 1/2"" x 4""",Office Supplies
Wirebound Voice Message Log Book,Office Supplies
Wireless Extenders zBoost YX545 SOHO Signal Booster,Technology
Woodgrain Magazine Files by Perma,Office Supplies
X-Rack File for Hanging Folders,Office Supplies
Xblue XB-1670-86 X16 Smallï¿½ï¿½Office Telephoneï¿½ï¿½- ,Technology
Xerox 188,Office Supplies
Xerox 1880,Office Supplies
Xerox 1881,Office Supplies
Xerox 1882,Office Supplies
Xerox 1883,Office Supplies
Xerox 1884,Office Supplies
Xerox 1885,Office Supplies
Xerox 1886,Office Supplies
Xerox 1887,Office Supplies
Xerox 1888,Office Supplies
Xerox 1889,Office Supplies
Xerox 189,Office Supplies
Xerox 1890,Office Supplies
Xerox 1891,Office Supplies
Xerox 1892,Office Supplies
Xerox 1893,Office Supplies
Xerox 1894,Office Supplies
Xerox 1895,Office Supplies
Xerox 1896,Office Supplies
Xerox 1897,Office Supplies
Xerox 1898,Office Supplies
Xerox 1899,Office Supplies
Xerox 19,Office Supplies
Xerox 190,Office Supplies
Xerox 1900,Office Supplies
Xerox 1901,Office Supplies
Xerox 1902,Office Supplies
Xerox 1903,Office Supplies
Xerox 1905,Office Supplies
Xerox 1906,Office Supplies
Xerox 1907,Office Supplies
Xerox 1908,Office Supplies
Xerox 1909,Office Supplies
Xerox 191,Office Supplies
Xerox 1910,Office Supplies
Xerox 1911,Office Supplies
Xerox 1912,Office Supplies
Xerox 1913,Office Supplies
Xerox 1914,Office Supplies
Xerox 1915,Office Supplies
Xerox 1916,Office Supplies
Xerox 1917,Office Supplies
Xerox 1918,Office Supplies
Xerox 1919,Office Supplies
Xerox 192,Office Supplies
Xerox 1920,Office Supplies
Xerox 1921,Office Supplies
Xerox 1922,Office Supplies
Xerox 1923,Office Supplies
Xerox 1924,Office Supplies
Xerox 1925,Office Supplies
Xerox 1926,Office Supplies
Xerox 1927,Office Supplies
Xerox 1928,Office Supplies
Xerox 1929,Office Supplies
Xerox 193,Office Supplies
Xerox 1930,Office Supplies
Xerox 1931,Office Supplies
Xerox 1932,Office Supplies
Xerox 1933,Office Supplies
Xerox 1934,Office Supplies
Xerox 1935,Office Supplies
Xerox 1936,Office Supplies
Xerox 1937,Office Supplies
Xerox 1938,Office Supplies
Xerox 1939,Office Supplies
Xerox 194,Office Supplies
Xerox 1940,Office Supplies
Xerox 1941,Office Supplies
Xerox 1942,Office Supplies
Xerox 1943,Office Supplies
Xerox 1944,Office Supplies
Xerox 1945,Office Supplies
Xerox 1946,Office Supplies
Xerox 1947,Office Supplies
Xerox 1948,Office Supplies
Xerox 1949,Office Supplies
Xerox 195,Office Supplies
Xerox 1950,Office Supplies
Xerox 1951,Office Supplies
Xerox 1952,Office Supplies
Xerox 1953,Office Supplies
Xerox 1954,Office Supplies
Xerox 1955,Office Supplies
Xerox 1956,Office Supplies
Xerox 1957,Office Supplies
Xerox 1958,Office Supplies
Xerox 1959,Office Supplies
Xerox 196,Office Supplies
Xerox 1960,Office Supplies
Xerox 1962,Office Supplies
Xerox 1963,Office Supplies
Xerox 1964,Office Supplies
Xerox 1965,Office Supplies
Xerox 1966,Office Supplies
Xerox 1967,Office Supplies
Xerox 1968,Office Supplies
Xerox 1969,Office Supplies
Xerox 197,Office Supplies
Xerox 1970,Office Supplies
Xerox 1971,Office Supplies
Xerox 1972,Office Supplies
Xerox 1973,Office Supplies
Xerox 1974,Office Supplies
Xerox 1975,Office Supplies
Xerox 1976,Office Supplies
Xerox 1977,Office Supplies
Xerox 1978,Office Supplies
Xerox 1979,Office Supplies
Xerox 198,Office Supplies
Xerox 1980,Office Supplies
Xerox 1981,Office Supplies
Xerox 1982,Office Supplies
Xerox 1983,Office Supplies
Xerox 1984,Office Supplies
Xerox 1985,Office Supplies
Xerox 1986,Office Supplies
Xerox 1987,Office Supplies
Xerox 1988,Office Supplies
Xerox 1989,Office Supplies
Xerox 199,Office Supplies
Xerox 1990,Office Supplies
Xerox 1991,Office Supplies
Xerox 1992,Office Supplies
Xerox 1993,Office Supplies
Xerox 1994,Office Supplies
Xerox 1995,Office Supplies
Xerox 1996,Office Supplies
Xerox 1997,Office Supplies
Xerox 1998,Office Supplies
Xerox 1999,Office Supplies
Xerox 2,Office Supplies
Xerox 20,Office Supplies
Xerox 200,Office Supplies
Xerox 2000,Office Supplies
Xerox 201,Office Supplies
Xerox 202,Office Supplies
Xerox 203,Office Supplies
Xerox 204,Office Supplies
Xerox 205,Office Supplies
Xerox 206,Office Supplies
Xerox 207,Office Supplies
Xerox 208,Office Supplies
Xerox 209,Office Supplies
Xerox 21,Office Supplies
Xerox 210,Office Supplies
Xerox 211,Office Supplies
Xerox 212,Office Supplies
Xerox 213,Office Supplies
Xerox 214,Office Supplies
Xerox 215,Office Supplies
Xerox 216,Office Supplies
Xerox 217,Office Supplies
Xerox 218,Office Supplies
Xerox 219,Office Supplies
Xerox 22,Office Supplies
Xerox 220,Office Supplies
Xerox 221,Office Supplies
Xerox 222,Office Supplies
Xerox 223,Office Supplies
Xerox 224,Office Supplies
Xerox 225,Office Supplies
Xerox 226,Office Supplies
Xerox 227,Office Supplies
Xerox 228,Office Supplies
Xerox 229,Office Supplies
Xerox 23,Office Supplies
Xerox 230,Office Supplies
Xerox 231,Office Supplies
Xerox 232,Office Supplies
Xerox 4200 Series MultiUse Premium Copy Paper (20Lb. and 84 Bright),Office Supplies
Xerox Blank Computer Paper,Office Supplies
"Xerox Color Copier Paper, 11"" x 17"", Ream",Office Supplies
"XtraLife ClearVue Slant-D Ring Binder, White, 3""",Office Supplies
XtraLife ClearVue Slant-D Ring Binders by Cardinal,Office Supplies
Zebra GX420t Direct Thermal/Thermal Transfer Printer,Technology
Zebra Zazzle Fluorescent Highlighters,Office Supplies
Zipper Ring Binder Pockets,Office Supplies
i.Sound Portable Power - 8000 mAh,Technology
iHome FM Clock Radio with Lightning Dock,Technology
"iKross Bluetooth Portable Keyboard + Cell Phone Stand Holder + Brush for Apple iPhone 5S 5C 5, 4S 4",Technology
iOttie HLCRIO102 Car Mount,Technology
iOttie XL Car Mount,Technology
invisibleSHIELD by ZAGG Smudge-Free Screen Protector,Technology
netTALK DUO VoIP Telephone Service,Technology
